index,smiles,label,canonical_smiles,meanIC50,label10,label20,label30,label40,label50,label60,label70,label80,label90,label100
1,C/C=C/c1nnn(Cc2ccc(C(F)(F)F)cc2)c1C(=O)NC1(c2ccc(C(=O)O)cc2)CC1,0,C/C=C/c1nnn(Cc2ccc(C(F)(F)F)cc2)c1C(=O)NC1(c2ccc(C(=O)O)cc2)CC1,23.8,0,0,1,1,1,1,1,1,1,1
2,C/C=C/c1nnn(Cc2ccc(C(F)(F)F)cc2)c1C(=O)NCC1CCC(C(=O)O)CC1,0,C/C=C/c1nnn(Cc2ccc(C(F)(F)F)cc2)c1C(=O)NCC1CCC(C(=O)O)CC1,116.8,0,0,0,0,0,0,0,0,0,0
3,C/C=C/c1nnn(Cc2ccc(C(F)(F)F)cc2)c1C(=O)NCc1ccc(C(=O)O)cc1,0,C/C=C/c1nnn(Cc2ccc(C(F)(F)F)cc2)c1C(=O)NCc1ccc(C(=O)O)cc1,70.25,0,0,0,0,0,0,0,1,1,1
4,C/C=C/c1nnn(Cc2ccc(C(F)(F)F)cc2)c1C(=O)N[C@@H](C)c1ccc(C(=O)O)cc1,1,C/C=C/c1nnn(Cc2ccc(C(F)(F)F)cc2)c1C(=O)N[C@@H](C)c1ccc(C(=O)O)cc1,9.32,1,1,1,1,1,1,1,1,1,1
5,CC#CC[C@H](C)[C@H](O)/C=C/[C@H]1CC(F)(F)C(=O)N1CCCCCCC(=O)O,1,CC#CC[C@H](C)[C@H](O)/C=C/[C@H]1CC(F)(F)C(=O)N1CCCCCCC(=O)O,1.2,1,1,1,1,1,1,1,1,1,1
6,CC#Cc1nnn(Cc2ccc(C(F)(F)F)cc2)c1C(=O)N[C@@H](C)c1ccc(C(=O)O)cc1,0,CC#Cc1nnn(Cc2ccc(C(F)(F)F)cc2)c1C(=O)N[C@@H](C)c1ccc(C(=O)O)cc1,51.45,0,0,0,0,0,1,1,1,1,1
7,CC(=O)Nc1cc(C(=O)O)cc(-n2c(C)ccc2-c2cc(Br)ccc2OCc2ccc(F)cc2F)c1,0,CC(=O)Nc1cc(C(=O)O)cc(-n2c(C)ccc2-c2cc(Br)ccc2OCc2ccc(F)cc2F)c1,158.49,0,0,0,0,0,0,0,0,0,0
8,CC(=O)Nc1cccc(-c2ccc(Cc3ocnc3C(=O)N[C@@H](Cc3ccccc3)C(=O)O)cc2)c1,0,CC(=O)Nc1cccc(-c2ccc(Cc3ocnc3C(=O)N[C@@H](Cc3ccccc3)C(=O)O)cc2)c1,24000.0,0,0,0,0,0,0,0,0,0,0
9,CC(=O)c1ccc(NS(=O)(=O)c2cc(C(=O)Nc3ccc(C(=O)O)cc3)ccc2C)cc1,0,CC(=O)c1ccc(NS(=O)(=O)c2cc(C(=O)Nc3ccc(C(=O)O)cc3)ccc2C)cc1,1000.0,0,0,0,0,0,0,0,0,0,0
10,CC(C)(C)c1ccc(CN(CCCCCCC(=O)O)S(C)(=O)=O)cc1,0,CC(C)(C)c1ccc(CN(CCCCCCC(=O)O)S(C)(=O)=O)cc1,2467.0,0,0,0,0,0,0,0,0,0,0
11,CC(C)(NC(=O)c1cc(F)cnc1Oc1ccc(F)cc1)c1ccc(C(=O)O)cc1,0,CC(C)(NC(=O)c1cc(F)cnc1Oc1ccc(F)cc1)c1ccc(C(=O)O)cc1,545.0,0,0,0,0,0,0,0,0,0,0
12,CC(C)c1c(C(=O)O)cnn1-c1nc(-c2ccc3ccccc3c2)cs1,0,CC(C)c1c(C(=O)O)cnn1-c1nc(-c2ccc3ccccc3c2)cs1,1200.0,0,0,0,0,0,0,0,0,0,0
13,CC(C)c1ccc(Cc2sc3c(c2C(=O)N[C@@H](C)c2ccc(C(=O)O)cc2)CCOC3)cc1,1,CC(C)c1ccc(Cc2sc3c(c2C(=O)N[C@@H](C)c2ccc(C(=O)O)cc2)CCOC3)cc1,2.7,1,1,1,1,1,1,1,1,1,1
14,CC1(C)C(=O)[C@H](C/C=C\CCCC(=O)NCCO)[C@@H](/C=C/C(O)Cc2cc3ccccc3s2)[C@@H]1O,0,CC1(C)C(=O)[C@H](C/C=C\CCCC(=O)NCCO)[C@@H](/C=C/C(O)Cc2cc3ccccc3s2)[C@@H]1O,4154.0,0,0,0,0,0,0,0,0,0,0
15,CC1(C)C(=O)[C@H](C/C=C\CCCC(=O)O)[C@@H](/C=C/C(O)CCc2ccccc2)[C@@H]1O,0,CC1(C)C(=O)[C@H](C/C=C\CCCC(=O)O)[C@@H](/C=C/C(O)CCc2ccccc2)[C@@H]1O,65.5,0,0,0,0,0,0,1,1,1,1
16,CC1(C)C(=O)[C@H](C/C=C\CCCC(=O)O)[C@@H](/C=C/C(O)CCc2sc3ccccc3c2Cl)[C@@H]1O,0,CC1(C)C(=O)[C@H](C/C=C\CCCC(=O)O)[C@@H](/C=C/C(O)CCc2sc3ccccc3c2Cl)[C@@H]1O,110.0,0,0,0,0,0,0,0,0,0,0
17,CC1(C)C(=O)[C@H](C/C=C\CCCC(=O)O)[C@@H](/C=C/C(O)Cc2cc3ccccc3s2)[C@@H]1O,0,CC1(C)C(=O)[C@H](C/C=C\CCCC(=O)O)[C@@H](/C=C/C(O)Cc2cc3ccccc3s2)[C@@H]1O,165.0,0,0,0,0,0,0,0,0,0,0
18,CC1(C)C(=O)[C@H](C/C=C\CCCC(=O)O)[C@@H](/C=C/C(O)Cc2ccccc2)[C@@H]1O,0,CC1(C)C(=O)[C@H](C/C=C\CCCC(=O)O)[C@@H](/C=C/C(O)Cc2ccccc2)[C@@H]1O,40.0,0,0,0,1,1,1,1,1,1,1
19,CC1(C)C(=O)[C@H](C/C=C\CCCC(N)=O)[C@@H](/C=C/C(O)Cc2cc3ccccc3s2)[C@@H]1O,0,CC1(C)C(=O)[C@H](C/C=C\CCCC(N)=O)[C@@H](/C=C/C(O)Cc2cc3ccccc3s2)[C@@H]1O,2839.0,0,0,0,0,0,0,0,0,0,0
20,CC1(C)C(=O)[C@H](CC#CCCCC(=O)O)[C@@H](/C=C/C(O)Cc2cc3ccccc3s2)[C@@H]1O,0,CC1(C)C(=O)[C@H](CC#CCCCC(=O)O)[C@@H](/C=C/C(O)Cc2cc3ccccc3s2)[C@@H]1O,256.0,0,0,0,0,0,0,0,0,0,0
21,CC1(C)C(=O)[C@H](CC#CCCCC(=O)O)[C@@H](/C=C\C(O)CCc2sc3ccccc3c2Cl)[C@@H]1O,0,CC1(C)C(=O)[C@H](CC#CCCCC(=O)O)[C@@H](/C=C\C(O)CCc2sc3ccccc3c2Cl)[C@@H]1O,150.0,0,0,0,0,0,0,0,0,0,0
22,CC1(C)C(=O)[C@H](SCCCSCC(=O)O)[C@@H](/C=C/C(O)CCc2sc3ccccc3c2Cl)[C@@H]1O,0,CC1(C)C(=O)[C@H](SCCCSCC(=O)O)[C@@H](/C=C/C(O)CCc2sc3ccccc3c2Cl)[C@@H]1O,36.5,0,0,0,1,1,1,1,1,1,1
23,CC12CCCC(/C=C/C(=O)NS(=O)(=O)c3cc(F)c(F)cc3F)=C1N(Cc1ccc(Cl)cc1Cl)C(=O)C2,0,CC12CCCC(/C=C/C(=O)NS(=O)(=O)c3cc(F)c(F)cc3F)=C1N(Cc1ccc(Cl)cc1Cl)C(=O)C2,20800.0,0,0,0,0,0,0,0,0,0,0
24,CC12CCCC(/C=C/C(=O)NS(=O)(=O)c3cc(F)c(F)cc3F)=C1N(Cc1ccc(F)c(F)c1)C(=O)C2,0,CC12CCCC(/C=C/C(=O)NS(=O)(=O)c3cc(F)c(F)cc3F)=C1N(Cc1ccc(F)c(F)c1)C(=O)C2,6200.0,0,0,0,0,0,0,0,0,0,0
25,CC12CCCC(/C=C/C(=O)NS(=O)(=O)c3cc(F)c(F)cc3F)=C1N(Cc1cccc(Cl)c1Cl)C(=O)C2,0,CC12CCCC(/C=C/C(=O)NS(=O)(=O)c3cc(F)c(F)cc3F)=C1N(Cc1cccc(Cl)c1Cl)C(=O)C2,20800.0,0,0,0,0,0,0,0,0,0,0
26,CC12CCCC(/C=C/C(=O)NS(=O)(=O)c3ccc(F)c(F)c3)=C1N(Cc1ccc(F)c(F)c1)C(=O)C2,0,CC12CCCC(/C=C/C(=O)NS(=O)(=O)c3ccc(F)c(F)c3)=C1N(Cc1ccc(F)c(F)c1)C(=O)C2,7700.0,0,0,0,0,0,0,0,0,0,0
27,CCC#CC[C@H](C)[C@H](O)/C=C/[C@H]1CC(F)(F)C(=O)N1CCCCCCC(=O)O,1,CCC#CC[C@H](C)[C@H](O)/C=C/[C@H]1CC(F)(F)C(=O)N1CCCCCCC(=O)O,1.3,1,1,1,1,1,1,1,1,1,1
28,CCC#CC[C@H](C)[C@H](O)/C=C/[C@H]1CC(F)(F)C(=O)N1CCCc1ccc(C(=O)O)s1,1,CCC#CC[C@H](C)[C@H](O)/C=C/[C@H]1CC(F)(F)C(=O)N1CCCc1ccc(C(=O)O)s1,3.3,1,1,1,1,1,1,1,1,1,1
29,CCC#CC[C@H](C)[C@H](O)/C=C/[C@H]1CC(F)(F)C(=O)N1CCc1ccc(C(=O)O)cc1,1,CCC#CC[C@H](C)[C@H](O)/C=C/[C@H]1CC(F)(F)C(=O)N1CCc1ccc(C(=O)O)cc1,0.32,1,1,1,1,1,1,1,1,1,1
30,CCC(NC(=O)c1cc(F)cnc1Oc1ccc(F)cc1)c1ccc(C(=O)O)cc1,0,CCC(NC(=O)c1cc(F)cnc1Oc1ccc(F)cc1)c1ccc(C(=O)O)cc1,181.0,0,0,0,0,0,0,0,0,0,0
31,CCC1CCc2c(sc(CCc3ccc(F)cc3)c2C(=O)N[C@@H](C)c2ccc(C(=O)O)cc2)C1,0,CCC1CCc2c(sc(CCc3ccc(F)cc3)c2C(=O)N[C@@H](C)c2ccc(C(=O)O)cc2)C1,648.5,0,0,0,0,0,0,0,0,0,0
32,CCCCCC(O)CCCN(CCCCCCC(=O)O)S(C)(=O)=O,0,CCCCCC(O)CCCN(CCCCCCC(=O)O)S(C)(=O)=O,2533.0,0,0,0,0,0,0,0,0,0,0
33,CCCCC[C@@H](O)/C=C/[C@H]1[C@H](O)CC(=O)[C@@H]1C/C=C\CCCC(=O)O,1,CCCCC[C@@H](O)/C=C/[C@H]1[C@H](O)CC(=O)[C@@H]1C/C=C\CCCC(=O)O,0.38,1,1,1,1,1,1,1,1,1,1
34,CCCCC[C@H](O)/C=C/[C@@H]1[C@@H](C/C=C\CCCC(=O)O)C(=O)C(C)(C)[C@H]1O,1,CCCCC[C@H](O)/C=C/[C@H]1[C@H](O)C(C)(C)C(=O)[C@@H]1C/C=C\CCCC(=O)O,5.5,1,1,1,1,1,1,1,1,1,1
35,CCCCC[C@H](O)/C=C/[C@@H]1[C@@H](C/C=C\CCCC(=O)O)[C@@H](O)C[C@H]1O,0,CCCCC[C@H](O)/C=C/[C@H]1[C@H](O)C[C@H](O)[C@@H]1C/C=C\CCCC(=O)O,4200.0,0,0,0,0,0,0,0,0,0,0
36,CCCCC[C@H](O)/C=C/[C@@H]1[C@@H](C/C=C\CCCC(=O)OC)C(=O)C(C)(C)[C@H]1O,0,CCCCC[C@H](O)/C=C/[C@H]1[C@H](O)C(C)(C)C(=O)[C@@H]1C/C=C\CCCC(=O)OC,400.0,0,0,0,0,0,0,0,0,0,0
37,CCCCC[C@H](O)/C=C/[C@@H]1[C@@H](CC#CCCCC(=O)O)C(=O)C(C)(C)[C@H]1O,0,CCCCC[C@H](O)/C=C/[C@H]1[C@H](O)C(C)(C)C(=O)[C@@H]1CC#CCCCC(=O)O,400.0,0,0,0,0,0,0,0,0,0,0
38,CCCCC[C@H](O)/C=C/[C@H]1CC(F)(F)C(=O)N1CCCCCCC(=O)O,1,CCCCC[C@H](O)/C=C/[C@H]1CC(F)(F)C(=O)N1CCCCCCC(=O)O,0.57,1,1,1,1,1,1,1,1,1,1
39,CCCCC[C@H](O)/C=C/[C@H]1CC(F)(F)C(=O)N1CCCc1ccc(C(=O)O)s1,1,CCCCC[C@H](O)/C=C/[C@H]1CC(F)(F)C(=O)N1CCCc1ccc(C(=O)O)s1,0.28,1,1,1,1,1,1,1,1,1,1
40,CCCCC[C@H](O)/C=C/[C@H]1CC(F)(F)C(=O)N1CCc1ccc(C(=O)O)cc1,1,CCCCC[C@H](O)/C=C/[C@H]1CC(F)(F)C(=O)N1CCc1ccc(C(=O)O)cc1,0.22,1,1,1,1,1,1,1,1,1,1
41,CCCCC[C@H](O)/C=C/[C@H]1[C@H](O)CC(=O)[C@@H]1C/C=C\CCCC(=O)O,1,CCCCC[C@H](O)/C=C/[C@H]1[C@H](O)CC(=O)[C@@H]1C/C=C\CCCC(=O)O,2.95,1,1,1,1,1,1,1,1,1,1
42,CCCc1nnn(Cc2ccc(C(F)(F)F)cc2)c1C(=O)N[C@@H](C)c1ccc(C(=O)O)cc1,0,CCCc1nnn(Cc2ccc(C(F)(F)F)cc2)c1C(=O)N[C@@H](C)c1ccc(C(=O)O)cc1,68.8,0,0,0,0,0,0,1,1,1,1
43,CCCn1c2ccccc2c2cc(-c3nc4cc(C(=O)O)ccc4n3CC3CC3)ccc21,0,CCCn1c2ccccc2c2cc(-c3nc4cc(C(=O)O)ccc4n3CC3CC3)ccc21,63.0,0,0,0,0,0,0,1,1,1,1
44,CCN(CC)C(=O)CCC/C=C\C[C@H]1C(=O)C(C)(C)[C@@H](O)[C@@H]1/C=C/C(O)Cc1cc2ccccc2s1,0,CCN(CC)C(=O)CCC/C=C\C[C@H]1C(=O)C(C)(C)[C@@H](O)[C@@H]1/C=C/C(O)Cc1cc2ccccc2s1,655.0,0,0,0,0,0,0,0,0,0,0
45,CCOc1c2c(c(OCC)c3ccccc13)C(=O)N(c1ccc(CC3(NC(=O)Cc4cc(C(=O)O)ccc4OC)CC3)cc1C)C2,0,CCOc1c2c(c(OCC)c3ccccc13)C(=O)N(c1ccc(CC3(NC(=O)Cc4cc(C(=O)O)ccc4OC)CC3)cc1C)C2,32.2,0,0,0,1,1,1,1,1,1,1
46,CCOc1c2c(c(OCC)c3ccccc13)C(=O)N(c1ccc(CC3(NC(=O)Cc4ccc(Cl)cc4Cl)CC3)cc1C)C2,1,CCOc1c2c(c(OCC)c3ccccc13)C(=O)N(c1ccc(CC3(NC(=O)Cc4ccc(Cl)cc4Cl)CC3)cc1C)C2,6.15,1,1,1,1,1,1,1,1,1,1
47,CCOc1c2c(c(OCC)c3ccccc13)C(=O)N(c1ccc(CC3(NC(=O)Cc4ccccc4Cl)CC3)cc1C)C2,0,CCOc1c2c(c(OCC)c3ccccc13)C(=O)N(c1ccc(CC3(NC(=O)Cc4ccccc4Cl)CC3)cc1C)C2,20.55,0,0,1,1,1,1,1,1,1,1
48,CCOc1c2c(c(OCC)c3ccccc13)C(=O)N(c1ccc(CC3(NC(=O)Cc4ccccc4OC)CC3)cc1C)C2,0,CCOc1c2c(c(OCC)c3ccccc13)C(=O)N(c1ccc(CC3(NC(=O)Cc4ccccc4OC)CC3)cc1C)C2,10.3,0,1,1,1,1,1,1,1,1,1
49,CCOc1c2c(c(OCC)c3ccccc13)C(=O)N(c1ccc(CC3(NC(=O)Cc4ncccc4OC)CC3)cc1C)C2,0,CCOc1c2c(c(OCC)c3ccccc13)C(=O)N(c1ccc(CC3(NC(=O)Cc4ncccc4OC)CC3)cc1C)C2,14.25,0,1,1,1,1,1,1,1,1,1
50,CCOc1c2c(c(OCC)c3ccccc13)C(=O)N(c1ccc(CC3(NC(=O)NS(=O)(=O)c4c(C)cccc4C)CC3)cc1C)C2,0,CCOc1c2c(c(OCC)c3ccccc13)C(=O)N(c1ccc(CC3(NC(=O)NS(=O)(=O)c4c(C)cccc4C)CC3)cc1C)C2,33.06666666666667,0,0,0,1,1,1,1,1,1,1
51,CCOc1c2c(c(OCC)c3ccccc13)C(=O)N(c1ccc(CC3(NC(=O)NS(=O)(=O)c4c(Cl)cccc4Cl)CC3)cc1C)C2,0,CCOc1c2c(c(OCC)c3ccccc13)C(=O)N(c1ccc(CC3(NC(=O)NS(=O)(=O)c4c(Cl)cccc4Cl)CC3)cc1C)C2,35.2,0,0,0,1,1,1,1,1,1,1
52,CCOc1c2c(c(OCC)c3ccccc13)C(=O)N(c1ccc(CC3(NC(=O)NS(=O)(=O)c4c(OC)cccc4OC)CC3)cc1C)C2,0,CCOc1c2c(c(OCC)c3ccccc13)C(=O)N(c1ccc(CC3(NC(=O)NS(=O)(=O)c4c(OC)cccc4OC)CC3)cc1C)C2,42.1,0,0,0,0,1,1,1,1,1,1
53,CCOc1c2c(c(OCC)c3ccccc13)C(=O)N(c1ccc(CC3(NC(=O)NS(=O)(=O)c4ccc(C)cc4)CC3)cc1C)C2,0,CCOc1c2c(c(OCC)c3ccccc13)C(=O)N(c1ccc(CC3(NC(=O)NS(=O)(=O)c4ccc(C)cc4)CC3)cc1C)C2,210.5,0,0,0,0,0,0,0,0,0,0
54,CCOc1c2c(c(OCC)c3ccccc13)C(=O)N(c1ccc(CC3(NC(=O)NS(=O)(=O)c4ccc(F)cc4)CC3)cc1C)C2,0,CCOc1c2c(c(OCC)c3ccccc13)C(=O)N(c1ccc(CC3(NC(=O)NS(=O)(=O)c4ccc(F)cc4)CC3)cc1C)C2,42.3,0,0,0,0,1,1,1,1,1,1
55,CCOc1c2c(c(OCC)c3ccccc13)C(=O)N(c1ccc(CC3(NC(=O)NS(=O)(=O)c4ccc(OC(F)(F)F)cc4)CC3)cc1C)C2,0,CCOc1c2c(c(OCC)c3ccccc13)C(=O)N(c1ccc(CC3(NC(=O)NS(=O)(=O)c4ccc(OC(F)(F)F)cc4)CC3)cc1C)C2,189.15,0,0,0,0,0,0,0,0,0,0
56,CCOc1c2c(c(OCC)c3ccccc13)C(=O)N(c1ccc(CC3(NC(=O)NS(=O)(=O)c4ccc5ccccc5c4)CC3)cc1C)C2,0,CCOc1c2c(c(OCC)c3ccccc13)C(=O)N(c1ccc(CC3(NC(=O)NS(=O)(=O)c4ccc5ccccc5c4)CC3)cc1C)C2,19.75,0,1,1,1,1,1,1,1,1,1
57,CCOc1c2c(c(OCC)c3ccccc13)C(=O)N(c1ccc(CC3(NC(=O)NS(=O)(=O)c4cccc(Cl)c4Cl)CC3)cc1C)C2,0,CCOc1c2c(c(OCC)c3ccccc13)C(=O)N(c1ccc(CC3(NC(=O)NS(=O)(=O)c4cccc(Cl)c4Cl)CC3)cc1C)C2,15.0,0,1,1,1,1,1,1,1,1,1
58,CCOc1c2c(c(OCC)c3ccccc13)C(=O)N(c1ccc(CC3(NC(=O)NS(=O)(=O)c4ccccc4Br)CC3)cc1C)C2,0,CCOc1c2c(c(OCC)c3ccccc13)C(=O)N(c1ccc(CC3(NC(=O)NS(=O)(=O)c4ccccc4Br)CC3)cc1C)C2,12.1,0,1,1,1,1,1,1,1,1,1
59,CCOc1c2c(c(OCC)c3ccccc13)C(=O)N(c1ccc(CC3(NC(=O)NS(=O)(=O)c4ccccc4C(F)(F)F)CC3)cc1C)C2,0,CCOc1c2c(c(OCC)c3ccccc13)C(=O)N(c1ccc(CC3(NC(=O)NS(=O)(=O)c4ccccc4C(F)(F)F)CC3)cc1C)C2,15.65,0,1,1,1,1,1,1,1,1,1
60,CCOc1c2c(c(OCC)c3ccccc13)C(=O)N(c1ccc(CC3(NC(=O)NS(=O)(=O)c4ccccc4C)CC3)cc1C)C2,1,CCOc1c2c(c(OCC)c3ccccc13)C(=O)N(c1ccc(CC3(NC(=O)NS(=O)(=O)c4ccccc4C)CC3)cc1C)C2,8.65,1,1,1,1,1,1,1,1,1,1
61,CCOc1c2c(c(OCC)c3ccccc13)C(=O)N(c1ccc(CC3(NC(=O)NS(=O)(=O)c4ccccc4Cl)CC3)cc1C)C2,0,CCOc1c2c(c(OCC)c3ccccc13)C(=O)N(c1ccc(CC3(NC(=O)NS(=O)(=O)c4ccccc4Cl)CC3)cc1C)C2,152.79999999999998,0,0,0,0,0,0,0,0,0,0
62,CCOc1c2c(c(OCC)c3ccccc13)C(=O)N(c1ccc(CC3(NC(=O)NS(=O)(=O)c4ccccc4OC)CC3)cc1C)C2,0,CCOc1c2c(c(OCC)c3ccccc13)C(=O)N(c1ccc(CC3(NC(=O)NS(=O)(=O)c4ccccc4OC)CC3)cc1C)C2,62.93333333333334,0,0,0,0,0,0,1,1,1,1
63,CC[C@H](NC(=O)[C@H]1CCCCN1CCOc1ccccc1)c1ccc(C(=O)O)cc1.Cl,0,CC[C@H](NC(=O)[C@H]1CCCCN1CCOc1ccccc1)c1ccc(C(=O)O)cc1.Cl,179.13333333333333,0,0,0,0,0,0,0,0,0,0
64,CCc1ccc(CC(O)CC[C@H]2CCC(=O)N2CCCc2ccc(C(=O)O)s2)cc1,0,CCc1ccc(CC(O)CC[C@H]2CCC(=O)N2CCCc2ccc(C(=O)O)s2)cc1,140.0,0,0,0,0,0,0,0,0,0,0
65,CCc1nc2c(C)nc(C)cc2n1-c1ccc(CCNC(=O)NS(=O)(=O)c2ccc(C)cc2)cc1,0,CCc1nc2c(C)nc(C)cc2n1-c1ccc(CCNC(=O)NS(=O)(=O)c2ccc(C)cc2)cc1,872.2624999999999,0,0,0,0,0,0,0,0,0,0
66,CCn1c2ccc(-c3nc4c(C)c(C(=O)O)ccc4n3CCOC)cc2c2c(C)cccc21,0,CCn1c2ccc(-c3nc4c(C)c(C(=O)O)ccc4n3CCOC)cc2c2c(C)cccc21,54.6,0,0,0,0,0,1,1,1,1,1
67,CCn1c2ccc(-c3nc4c(C)c(C(=O)O)ccc4n3CCOC)cc2c2c(Cl)cccc21,0,CCn1c2ccc(-c3nc4c(C)c(C(=O)O)ccc4n3CCOC)cc2c2c(Cl)cccc21,65.5,0,0,0,0,0,0,1,1,1,1
68,CCn1c2ccc(-c3nc4c(C)c(C(=O)O)ccc4n3CCOC)cc2c2cc(C(F)(F)F)ccc21,0,CCn1c2ccc(-c3nc4c(C)c(C(=O)O)ccc4n3CCOC)cc2c2cc(C(F)(F)F)ccc21,17.4,0,1,1,1,1,1,1,1,1,1
69,CCn1c2ccc(-c3nc4c(C)c(C(=O)O)ccc4n3CCOC)cc2c2cccc(C)c21,1,CCn1c2ccc(-c3nc4c(C)c(C(=O)O)ccc4n3CCOC)cc2c2cccc(C)c21,4.2,1,1,1,1,1,1,1,1,1,1
70,CCn1c2ccc(-c3nc4c(C)c(C(=O)O)ccc4n3CCOC)cc2c2cccc(Cl)c21,1,CCn1c2ccc(-c3nc4c(C)c(C(=O)O)ccc4n3CCOC)cc2c2cccc(Cl)c21,5.2,1,1,1,1,1,1,1,1,1,1
71,CCn1c2ccc(C)cc2c2cc(-c3nc4c(C)c(C(=O)O)ccc4n3CCOC)ccc21,0,CCn1c2ccc(C)cc2c2cc(-c3nc4c(C)c(C(=O)O)ccc4n3CCOC)ccc21,15.3,0,1,1,1,1,1,1,1,1,1
72,CCn1c2ccc(Cl)cc2c2cc(-c3nc4c(C)c(C(=O)O)ccc4n3CCOC)ccc21,1,CCn1c2ccc(Cl)cc2c2cc(-c3nc4c(C)c(C(=O)O)ccc4n3CCOC)ccc21,4.4,1,1,1,1,1,1,1,1,1,1
73,CCn1c2ccc(OC(F)(F)F)cc2c2cc(-c3nc4c(C)c(C(=O)O)ccc4n3CCOC)ccc21,0,CCn1c2ccc(OC(F)(F)F)cc2c2cc(-c3nc4c(C)c(C(=O)O)ccc4n3CCOC)ccc21,365.6,0,0,0,0,0,0,0,0,0,0
74,CCn1c2ccccc2c2cc(-c3nc4c(C)c(C(=O)O)ccc4n3CCOC)ccc21,0,CCn1c2ccccc2c2cc(-c3nc4c(C)c(C(=O)O)ccc4n3CCOC)ccc21,24.7,0,0,1,1,1,1,1,1,1,1
75,CCn1c2ccccc2c2cc(-c3nc4c(Cl)c(C(=O)O)ccc4n3CCOC)ccc21,0,CCn1c2ccccc2c2cc(-c3nc4c(Cl)c(C(=O)O)ccc4n3CCOC)ccc21,15.9,0,1,1,1,1,1,1,1,1,1
76,CCn1c2ccccc2c2cc(-c3nc4c(F)c(C(=O)O)ccc4n3CCOC)ccc21,1,CCn1c2ccccc2c2cc(-c3nc4c(F)c(C(=O)O)ccc4n3CCOC)ccc21,4.3,1,1,1,1,1,1,1,1,1,1
77,CCn1c2ccccc2c2cc(-c3nc4cc(-c5n[nH]c(=O)o5)ccc4n3CCOC)ccc21,0,CCn1c2ccccc2c2cc(-c3nc4cc(-c5n[nH]c(=O)o5)ccc4n3CCOC)ccc21,43.7,0,0,0,0,1,1,1,1,1,1
78,CCn1c2ccccc2c2cc(-c3nc4cc(-c5nnn[nH]5)ccc4n3CCOC)ccc21,1,CCn1c2ccccc2c2cc(-c3nc4cc(-c5nnn[nH]5)ccc4n3CCOC)ccc21,6.8,1,1,1,1,1,1,1,1,1,1
79,CCn1c2ccccc2c2cc(-c3nc4cc(-c5noc(=O)[nH]5)ccc4n3CCOC)ccc21,1,CCn1c2ccccc2c2cc(-c3nc4cc(-c5noc(=O)[nH]5)ccc4n3CCOC)ccc21,6.1,1,1,1,1,1,1,1,1,1,1
80,CCn1c2ccccc2c2cc(-c3nc4cc(C(=O)NC)ccc4n3CC3CC3)ccc21,0,CCn1c2ccccc2c2cc(-c3nc4cc(C(=O)NC)ccc4n3CC3CC3)ccc21,286.0,0,0,0,0,0,0,0,0,0,0
81,CCn1c2ccccc2c2cc(-c3nc4cc(C(=O)NS(=O)(=O)N(C)C)ccc4n3CCOC)ccc21,0,CCn1c2ccccc2c2cc(-c3nc4cc(C(=O)NS(=O)(=O)N(C)C)ccc4n3CCOC)ccc21,147.7,0,0,0,0,0,0,0,0,0,0
82,CCn1c2ccccc2c2cc(-c3nc4cc(C(=O)NS(=O)(=O)c5cccc(Cl)c5)ccc4n3CCOC)ccc21,0,CCn1c2ccccc2c2cc(-c3nc4cc(C(=O)NS(=O)(=O)c5cccc(Cl)c5)ccc4n3CCOC)ccc21,14.7,0,1,1,1,1,1,1,1,1,1
83,CCn1c2ccccc2c2cc(-c3nc4cc(C(=O)NS(C)(=O)=O)ccc4n3CCOC)ccc21,0,CCn1c2ccccc2c2cc(-c3nc4cc(C(=O)NS(C)(=O)=O)ccc4n3CCOC)ccc21,23.8,0,0,1,1,1,1,1,1,1,1
84,CCn1c2ccccc2c2cc(-c3nc4cc(C(=O)O)c(C)cc4n3CCOC)ccc21,0,CCn1c2ccccc2c2cc(-c3nc4cc(C(=O)O)c(C)cc4n3CCOC)ccc21,611.7,0,0,0,0,0,0,0,0,0,0
85,CCn1c2ccccc2c2cc(-c3nc4cc(C(=O)O)c(Cl)cc4n3CCOC)ccc21,0,CCn1c2ccccc2c2cc(-c3nc4cc(C(=O)O)c(Cl)cc4n3CCOC)ccc21,751.1,0,0,0,0,0,0,0,0,0,0
86,CCn1c2ccccc2c2cc(-c3nc4cc(C(=O)O)c(F)cc4n3CCOC)ccc21,0,CCn1c2ccccc2c2cc(-c3nc4cc(C(=O)O)c(F)cc4n3CCOC)ccc21,34.6,0,0,0,1,1,1,1,1,1,1
87,CCn1c2ccccc2c2cc(-c3nc4cc(C(=O)O)ccc4n3-c3ccccc3)ccc21,0,CCn1c2ccccc2c2cc(-c3nc4cc(C(=O)O)ccc4n3-c3ccccc3)ccc21,3118.0,0,0,0,0,0,0,0,0,0,0
88,CCn1c2ccccc2c2cc(-c3nc4cc(C(=O)O)ccc4n3C(C)C)ccc21,0,CCn1c2ccccc2c2cc(-c3nc4cc(C(=O)O)ccc4n3C(C)C)ccc21,733.3,0,0,0,0,0,0,0,0,0,0
89,CCn1c2ccccc2c2cc(-c3nc4cc(C(=O)O)ccc4n3C)ccc21,0,CCn1c2ccccc2c2cc(-c3nc4cc(C(=O)O)ccc4n3C)ccc21,165.5,0,0,0,0,0,0,0,0,0,0
90,CCn1c2ccccc2c2cc(-c3nc4cc(C(=O)O)ccc4n3CC3CC3)ccc21,0,CCn1c2ccccc2c2cc(-c3nc4cc(C(=O)O)ccc4n3CC3CC3)ccc21,62.9,0,0,0,0,0,0,1,1,1,1
91,CCn1c2ccccc2c2cc(-c3nc4cc(C(=O)O)ccc4n3CC3CCCO3)ccc21,1,CCn1c2ccccc2c2cc(-c3nc4cc(C(=O)O)ccc4n3CC3CCCO3)ccc21,7.0,1,1,1,1,1,1,1,1,1,1
92,CCn1c2ccccc2c2cc(-c3nc4cc(C(=O)O)ccc4n3CC3CCO3)ccc21,0,CCn1c2ccccc2c2cc(-c3nc4cc(C(=O)O)ccc4n3CC3CCO3)ccc21,51.5,0,0,0,0,0,1,1,1,1,1
93,CCn1c2ccccc2c2cc(-c3nc4cc(C(=O)O)ccc4n3CCC3CC3)ccc21,0,CCn1c2ccccc2c2cc(-c3nc4cc(C(=O)O)ccc4n3CCC3CC3)ccc21,22.1,0,0,1,1,1,1,1,1,1,1
94,CCn1c2ccccc2c2cc(-c3nc4cc(C(=O)O)ccc4n3CCCOC)ccc21,0,CCn1c2ccccc2c2cc(-c3nc4cc(C(=O)O)ccc4n3CCCOC)ccc21,157.7,0,0,0,0,0,0,0,0,0,0
95,CCn1c2ccccc2c2cc(-c3nc4cc(C(=O)O)ccc4n3CCN(C)C)ccc21,0,CCn1c2ccccc2c2cc(-c3nc4cc(C(=O)O)ccc4n3CCN(C)C)ccc21,82.5,0,0,0,0,0,0,0,0,1,1
96,CCn1c2ccccc2c2cc(-c3nc4cc(C(=O)O)ccc4n3CCOC)ccc21,0,CCn1c2ccccc2c2cc(-c3nc4cc(C(=O)O)ccc4n3CCOC)ccc21,42.85,0,0,0,0,1,1,1,1,1,1
97,CCn1c2ccccc2c2cc(-c3nc4cc(C(N)=O)ccc4n3CCOC)ccc21,0,CCn1c2ccccc2c2cc(-c3nc4cc(C(N)=O)ccc4n3CCOC)ccc21,134.2,0,0,0,0,0,0,0,0,0,0
98,CCn1c2ccccc2c2cc(-c3nc4cc(S(=O)(=O)O)ccc4n3CCOC)ccc21,0,CCn1c2ccccc2c2cc(-c3nc4cc(S(=O)(=O)O)ccc4n3CCOC)ccc21,221.9,0,0,0,0,0,0,0,0,0,0
99,CCn1c2ccccc2c2cc(-c3nc4ccc(C(=O)O)cc4n3CCOC)ccc21,0,CCn1c2ccccc2c2cc(-c3nc4ccc(C(=O)O)cc4n3CCOC)ccc21,1422.0,0,0,0,0,0,0,0,0,0,0
100,COC(=O)CCC/C=C\C[C@H]1C(=O)C(C)(C)[C@@H](O)[C@@H]1/C=C/C(O)CCc1ccccc1,0,COC(=O)CCC/C=C\C[C@H]1C(=O)C(C)(C)[C@@H](O)[C@@H]1/C=C/C(O)CCc1ccccc1,1550.0,0,0,0,0,0,0,0,0,0,0
101,COC(=O)CCC/C=C\C[C@H]1C(=O)C(C)(C)[C@@H](O)[C@@H]1/C=C/C(O)CCc1sc2ccccc2c1Cl,0,COC(=O)CCC/C=C\C[C@H]1C(=O)C(C)(C)[C@@H](O)[C@@H]1/C=C/C(O)CCc1sc2ccccc2c1Cl,2500.0,0,0,0,0,0,0,0,0,0,0
102,COC(=O)CCC/C=C\C[C@H]1C(=O)C(C)(C)[C@@H](O)[C@@H]1/C=C/C(O)Cc1cc2ccccc2s1,0,COC(=O)CCC/C=C\C[C@H]1C(=O)C(C)(C)[C@@H](O)[C@@H]1/C=C/C(O)Cc1cc2ccccc2s1,5109.5,0,0,0,0,0,0,0,0,0,0
103,COC(=O)CCC/C=C\C[C@H]1C(=O)C(C)(C)[C@@H](O)[C@@H]1/C=C/C(O)Cc1ccccc1,0,COC(=O)CCC/C=C\C[C@H]1C(=O)C(C)(C)[C@@H](O)[C@@H]1/C=C/C(O)Cc1ccccc1,722.5,0,0,0,0,0,0,0,0,0,0
104,COC(=O)CCCC#CC[C@H]1C(=O)C(C)(C)[C@@H](O)[C@@H]1/C=C\C(O)CCc1sc2ccccc2c1Cl,0,COC(=O)CCCC#CC[C@H]1C(=O)C(C)(C)[C@@H](O)[C@@H]1/C=C\C(O)CCc1sc2ccccc2c1Cl,2455.0,0,0,0,0,0,0,0,0,0,0
105,COC(=O)CCCCCC[C@@H]1[C@@H](c2ccc3c(c2)CCC3)[C@H](O)C[C@H]1Cl,0,COC(=O)CCCCCC[C@@H]1[C@@H](c2ccc3c(c2)CCC3)[C@H](O)C[C@H]1Cl,13100.0,0,0,0,0,0,0,0,0,0,0
106,COC(=O)CSCCCS[C@H]1C(=O)C(C)(C)[C@@H](O)[C@@H]1/C=C/C(O)CCc1sc2ccccc2c1Cl,0,COC(=O)CSCCCS[C@H]1C(=O)C(C)(C)[C@@H](O)[C@@H]1/C=C/C(O)CCc1sc2ccccc2c1Cl,199.0,0,0,0,0,0,0,0,0,0,0
107,COC1CCN(c2ccc(C)c(C(=O)Nc3c(C)cc(C(=O)O)cc3C)n2)CC1,0,COC1CCN(c2ccc(C)c(C(=O)Nc3c(C)cc(C(=O)O)cc3C)n2)CC1,96.7,0,0,0,0,0,0,0,0,0,1
108,COCCc1cccc(C[C@H](O)CC[C@H]2CCC(=O)N2CCCCCCC(=O)O)c1,0,COCCc1cccc(C[C@H](O)CC[C@H]2CCC(=O)N2CCCCCCC(=O)O)c1,210.0,0,0,0,0,0,0,0,0,0,0
109,COCCn1c2ccccc2c2cc(-c3nc4cc(C(=O)O)ccc4n3CC3CC3)ccc21,0,COCCn1c2ccccc2c2cc(-c3nc4cc(C(=O)O)ccc4n3CC3CC3)ccc21,18.0,0,1,1,1,1,1,1,1,1,1
110,COCc1cccc(C[C@H](O)CC[C@H]2CCC(=O)N2CCCCCCC(=O)O)c1,0,COCc1cccc(C[C@H](O)CC[C@H]2CCC(=O)N2CCCCCCC(=O)O)c1,62.0,0,0,0,0,0,0,1,1,1,1
111,CON(C)C(=O)c1ccc([C@H](C)NC(=O)c2c(Cc3ccc(F)cc3)sc3c2CCOC3)cc1,0,CON(C)C(=O)c1ccc([C@H](C)NC(=O)c2c(Cc3ccc(F)cc3)sc3c2CCOC3)cc1,186.9,0,0,0,0,0,0,0,0,0,0
112,COc1cc(-c2csc3ccccc23)cc2c1OCCN(Cc1cccnc1)C2,0,COc1cc(-c2csc3ccccc23)cc2c1OCCN(Cc1cccnc1)C2,3500.0,0,0,0,0,0,0,0,0,0,0
113,COc1ccc(Cc2sc3c(c2C(=O)N[C@@H](C)c2ccc(C(=O)O)cc2)CCOC3)cc1,1,COc1ccc(Cc2sc3c(c2C(=O)N[C@@H](C)c2ccc(C(=O)O)cc2)CCOC3)cc1,2.1,1,1,1,1,1,1,1,1,1,1
114,COc1ccc(Cc2sc3c(c2C(=O)N[C@@H](C)c2ccc(C(=O)O)cc2)CCOC3)cc1F,1,COc1ccc(Cc2sc3c(c2C(=O)N[C@@H](C)c2ccc(C(=O)O)cc2)CCOC3)cc1F,1.9,1,1,1,1,1,1,1,1,1,1
115,COc1ccc(Cn2nnc(-c3ccccc3)c2C(=O)N[C@@H](C)c2ccc(C(=O)O)cc2)cc1,1,COc1ccc(Cn2nnc(-c3ccccc3)c2C(=O)N[C@@H](C)c2ccc(C(=O)O)cc2)cc1,9.3,1,1,1,1,1,1,1,1,1,1
116,COc1ccc(Cn2nnc(-c3ccccc3)c2C(=O)N[C@@H](C)c2ccc(C(=O)O)cc2)cc1F,0,COc1ccc(Cn2nnc(-c3ccccc3)c2C(=O)N[C@@H](C)c2ccc(C(=O)O)cc2)cc1F,29.8,0,0,1,1,1,1,1,1,1,1
117,COc1ccc(Cn2nnc(-c3ccccc3)c2C(=O)N[C@@H](C)c2ccc(C(=O)O)cc2)cc1OC,0,COc1ccc(Cn2nnc(-c3ccccc3)c2C(=O)N[C@@H](C)c2ccc(C(=O)O)cc2)cc1OC,119.4,0,0,0,0,0,0,0,0,0,0
118,COc1ccc2cc(C#Cc3sc4c(c3C(=O)N[C@@H](C)c3ccc(C(=O)O)cc3)CCOC4)ccc2c1,0,COc1ccc2cc(C#Cc3sc4c(c3C(=O)N[C@@H](C)c3ccc(C(=O)O)cc3)CCOC4)ccc2c1,27.2,0,0,1,1,1,1,1,1,1,1
119,COc1cccc(C#Cc2sc3c(c2C(=O)N[C@@H](C)c2ccc(C(=O)O)cc2)CCOC3)c1,0,COc1cccc(C#Cc2sc3c(c2C(=O)N[C@@H](C)c2ccc(C(=O)O)cc2)CCOC3)c1,12.4,0,1,1,1,1,1,1,1,1,1
120,COc1cccc(CN2C(=O)CC3(C)CCCC(/C=C/C(=O)NS(=O)(=O)c4ccc(F)c(F)c4)=C23)c1,0,COc1cccc(CN2C(=O)CC3(C)CCCC(/C=C/C(=O)NS(=O)(=O)c4ccc(F)c(F)c4)=C23)c1,7500.0,0,0,0,0,0,0,0,0,0,0
121,COc1cccc(Cc2sc3c(c2C(=O)N[C@@H](C)c2ccc(C(=O)O)cc2)CCOC3)c1,1,COc1cccc(Cc2sc3c(c2C(=O)N[C@@H](C)c2ccc(C(=O)O)cc2)CCOC3)c1,1.9,1,1,1,1,1,1,1,1,1,1
122,COc1cccc(Cn2nnc(-c3ccccc3)c2C(=O)N[C@@H](C)c2ccc(C(=O)O)cc2)c1,0,COc1cccc(Cn2nnc(-c3ccccc3)c2C(=O)N[C@@H](C)c2ccc(C(=O)O)cc2)c1,96.8,0,0,0,0,0,0,0,0,0,1
123,COc1cccc(Oc2ncc(Cl)cc2C(=O)N[C@@H](C)c2ccc(C(=O)O)cc2)c1,0,COc1cccc(Oc2ncc(Cl)cc2C(=O)N[C@@H](C)c2ccc(C(=O)O)cc2)c1,340.0,0,0,0,0,0,0,0,0,0,0
124,COc1ccccc1CC(=O)NCCc1ccc(-c2c(C(=O)N(C)C)sc3c(C)cc(C)cc23)cc1,1,COc1ccccc1CC(=O)NCCc1ccc(-c2c(C(=O)N(C)C)sc3c(C)cc(C)cc23)cc1,2.4,1,1,1,1,1,1,1,1,1,1
125,CSc1cccc(Oc2ncc(Cl)cc2C(=O)N[C@@H](C)c2ccc(C(=O)O)cc2)c1,0,CSc1cccc(Oc2ncc(Cl)cc2C(=O)N[C@@H](C)c2ccc(C(=O)O)cc2)c1,400.0,0,0,0,0,0,0,0,0,0,0
126,C[C@@H](CCCc1ccccc1)[C@H](O)/C=C/[C@H]1CC(F)(F)C(=O)N1CCCCCCC(=O)O,1,C[C@@H](CCCc1ccccc1)[C@H](O)/C=C/[C@H]1CC(F)(F)C(=O)N1CCCCCCC(=O)O,2.4,1,1,1,1,1,1,1,1,1,1
127,C[C@@H](CCCc1ccccc1)[C@H](O)/C=C/[C@H]1CC(F)(F)C(=O)N1CCCc1ccc(C(=O)O)s1,1,C[C@@H](CCCc1ccccc1)[C@H](O)/C=C/[C@H]1CC(F)(F)C(=O)N1CCCc1ccc(C(=O)O)s1,0.74,1,1,1,1,1,1,1,1,1,1
128,C[C@@H](NC(=O)c1c(Cc2ccc(F)cc2)sc2c1CCOC2)c1ccc(C(=O)O)cc1,0,C[C@@H](NC(=O)c1c(Cc2ccc(F)cc2)sc2c1CCOC2)c1ccc(C(=O)O)cc1,786.1,0,0,0,0,0,0,0,0,0,0
129,C[C@@H](NC(=O)c1c(Cl)sc(Cl)c1Cc1cccc(Cl)c1)c1ccc(C(=O)O)cc1,1,C[C@@H](NC(=O)c1c(Cl)sc(Cl)c1Cc1cccc(Cl)c1)c1ccc(C(=O)O)cc1,1.8,1,1,1,1,1,1,1,1,1,1
130,C[C@@H](NC(=O)c1cc(Cl)cnc1Oc1ccc(F)cc1)c1ccc(C(=O)O)cc1,0,C[C@@H](NC(=O)c1cc(Cl)cnc1Oc1ccc(F)cc1)c1ccc(C(=O)O)cc1,1210.0,0,0,0,0,0,0,0,0,0,0
131,C[C@@H]1COc2c(Cl)cc(-c3csc4ccccc34)cc2CN1Cc1cc[nH]c(=O)c1,0,C[C@@H]1COc2c(Cl)cc(-c3csc4ccccc34)cc2CN1Cc1cc[nH]c(=O)c1,30000.0,0,0,0,0,0,0,0,0,0,0
132,C[C@@H]1COc2c(Cl)cc(-n3ccc4cc(F)ccc43)cc2CN1Cc1cc[nH]c(=O)c1,0,C[C@@H]1COc2c(Cl)cc(-n3ccc4cc(F)ccc43)cc2CN1Cc1cc[nH]c(=O)c1,20000.0,0,0,0,0,0,0,0,0,0,0
133,C[C@H](NC(=O)C1CC(C)(C)CCN1Cc1ccc(C(F)(F)F)cc1)c1ccc(C(=O)O)cc1,1,C[C@H](NC(=O)C1CC(C)(C)CCN1Cc1ccc(C(F)(F)F)cc1)c1ccc(C(=O)O)cc1,8.0,1,1,1,1,1,1,1,1,1,1
134,C[C@H](NC(=O)C1CC2(CCN1Cc1ccc(C(F)(F)F)cc1)CC2)c1ccc(C(=O)O)cc1,0,C[C@H](NC(=O)C1CC2(CCN1Cc1ccc(C(F)(F)F)cc1)CC2)c1ccc(C(=O)O)cc1,29.0,0,0,1,1,1,1,1,1,1,1
135,C[C@H](NC(=O)[C@H]1CC(F)(F)CCN1Cc1ccc(C(F)(F)F)cc1)c1ccc(C(=O)O)cc1,1,C[C@H](NC(=O)[C@H]1CC(F)(F)CCN1Cc1ccc(C(F)(F)F)cc1)c1ccc(C(=O)O)cc1,9.0,1,1,1,1,1,1,1,1,1,1
136,C[C@H](NC(=O)[C@H]1CCC2CC2N1Cc1ccc(C(F)(F)F)cc1)c1ccc(C(=O)O)cc1,0,C[C@H](NC(=O)[C@H]1CCC2CC2N1Cc1ccc(C(F)(F)F)cc1)c1ccc(C(=O)O)cc1,42.0,0,0,0,0,1,1,1,1,1,1
137,C[C@H](NC(=O)[C@H]1CCCCN1CCOc1ccc(C#N)cc1)c1ccc(C(=O)O)cc1.Cl,0,C[C@H](NC(=O)[C@H]1CCCCN1CCOc1ccc(C#N)cc1)c1ccc(C(=O)O)cc1.Cl,621.9333333333333,0,0,0,0,0,0,0,0,0,0
138,C[C@H](NC(=O)[C@H]1CCCCN1CCOc1ccc(F)cc1)c1ccc(C(=O)O)cc1.Cl,0,C[C@H](NC(=O)[C@H]1CCCCN1CCOc1ccc(F)cc1)c1ccc(C(=O)O)cc1.Cl,65.22333333333334,0,0,0,0,0,0,1,1,1,1
139,C[C@H](NC(=O)[C@H]1CCCCN1CCOc1ccccc1)c1ccc(C(=O)O)cc1.Cl,0,C[C@H](NC(=O)[C@H]1CCCCN1CCOc1ccccc1)c1ccc(C(=O)O)cc1.Cl,57.553333333333335,0,0,0,0,0,1,1,1,1,1
140,C[C@H](NC(=O)[C@H]1CCCN1Cc1ccc(C(F)(F)F)cc1)c1ccc(C(=O)[O-])cc1.[Li+],0,C[C@H](NC(=O)[C@H]1CCCN1Cc1ccc(C(F)(F)F)cc1)c1ccc(C(=O)[O-])cc1.[Li+],50.0,0,0,0,0,1,1,1,1,1,1
141,C[C@H](NC(=O)c1c(-c2ccc(F)cc2)nnn1Cc1ccc(C(F)(F)F)cc1)c1ccc(C(=O)O)cc1,0,C[C@H](NC(=O)c1c(-c2ccc(F)cc2)nnn1Cc1ccc(C(F)(F)F)cc1)c1ccc(C(=O)O)cc1,57.9,0,0,0,0,0,1,1,1,1,1
142,C[C@H](NC(=O)c1c(-c2ccccc2)nnn1CCOc1ccc(C(F)(F)F)cc1)c1ccc(C(=O)O)cc1,0,C[C@H](NC(=O)c1c(-c2ccccc2)nnn1CCOc1ccc(C(F)(F)F)cc1)c1ccc(C(=O)O)cc1,49.1,0,0,0,0,1,1,1,1,1,1
143,C[C@H](NC(=O)c1c(-c2ccccc2)nnn1CCOc1ccc(F)cc1)c1ccc(C(=O)O)cc1,0,C[C@H](NC(=O)c1c(-c2ccccc2)nnn1CCOc1ccc(F)cc1)c1ccc(C(=O)O)cc1,67.7,0,0,0,0,0,0,1,1,1,1
144,C[C@H](NC(=O)c1c(-c2ccccc2)nnn1CCOc1cccc(C(F)(F)F)c1)c1ccc(C(=O)O)cc1,0,C[C@H](NC(=O)c1c(-c2ccccc2)nnn1CCOc1cccc(C(F)(F)F)c1)c1ccc(C(=O)O)cc1,68.25,0,0,0,0,0,0,1,1,1,1
145,C[C@H](NC(=O)c1c(-c2ccccc2)nnn1Cc1ccc(C(F)(F)F)cc1)c1ccc(C(=O)O)cc1,0,C[C@H](NC(=O)c1c(-c2ccccc2)nnn1Cc1ccc(C(F)(F)F)cc1)c1ccc(C(=O)O)cc1,457.4,0,0,0,0,0,0,0,0,0,0
146,C[C@H](NC(=O)c1c(-c2ccccc2)nnn1Cc1ccc(F)c(F)c1)c1ccc(C(=O)O)cc1,0,C[C@H](NC(=O)c1c(-c2ccccc2)nnn1Cc1ccc(F)c(F)c1)c1ccc(C(=O)O)cc1,147.5,0,0,0,0,0,0,0,0,0,0
147,C[C@H](NC(=O)c1c(-c2ccccc2)nnn1Cc1ccc(F)cc1)c1ccc(C(=O)O)cc1,0,C[C@H](NC(=O)c1c(-c2ccccc2)nnn1Cc1ccc(F)cc1)c1ccc(C(=O)O)cc1,330.2,0,0,0,0,0,0,0,0,0,0
148,C[C@H](NC(=O)c1c(-c2ccccc2)nnn1Cc1cccc(C(F)(F)F)c1)c1ccc(C(=O)O)cc1,0,C[C@H](NC(=O)c1c(-c2ccccc2)nnn1Cc1cccc(C(F)(F)F)c1)c1ccc(C(=O)O)cc1,23.0,0,0,1,1,1,1,1,1,1,1
149,C[C@H](NC(=O)c1c(-c2ccccc2)nnn1Cc1ccccc1)c1ccc(C(=O)O)cc1,0,C[C@H](NC(=O)c1c(-c2ccccc2)nnn1Cc1ccccc1)c1ccc(C(=O)O)cc1,646.6,0,0,0,0,0,0,0,0,0,0
150,C[C@H](NC(=O)c1c(-c2ccoc2)nnn1Cc1ccc(C(F)(F)F)cc1)c1ccc(C(=O)O)cc1,0,C[C@H](NC(=O)c1c(-c2ccoc2)nnn1Cc1ccc(C(F)(F)F)cc1)c1ccc(C(=O)O)cc1,51.6,0,0,0,0,0,1,1,1,1,1
151,C[C@H](NC(=O)c1c(-c2ccsc2)nnn1Cc1ccc(C(F)(F)F)cc1)c1ccc(C(=O)O)cc1,0,C[C@H](NC(=O)c1c(-c2ccsc2)nnn1Cc1ccc(C(F)(F)F)cc1)c1ccc(C(=O)O)cc1,20.2,0,0,1,1,1,1,1,1,1,1
152,C[C@H](NC(=O)c1c(C#Cc2ccc(=O)[nH]c2)sc2c1CCOC2)c1ccc(C(=O)O)cc1,0,C[C@H](NC(=O)c1c(C#Cc2ccc(=O)[nH]c2)sc2c1CCOC2)c1ccc(C(=O)O)cc1,642.3,0,0,0,0,0,0,0,0,0,0
153,C[C@H](NC(=O)c1c(C#Cc2ccc(F)cc2)sc2c1CCOC2)c1ccc(C(=O)O)cc1,0,C[C@H](NC(=O)c1c(C#Cc2ccc(F)cc2)sc2c1CCOC2)c1ccc(C(=O)O)cc1,15.8,0,1,1,1,1,1,1,1,1,1
154,C[C@H](NC(=O)c1c(C(F)(F)F)nnn1CCOc1ccc(F)cc1)c1ccc(C(=O)O)cc1,0,C[C@H](NC(=O)c1c(C(F)(F)F)nnn1CCOc1ccc(F)cc1)c1ccc(C(=O)O)cc1,275.5,0,0,0,0,0,0,0,0,0,0
155,C[C@H](NC(=O)c1c(C(F)(F)F)nnn1Cc1ccc(C(F)(F)F)cc1)c1ccc(C(=O)O)cc1,0,C[C@H](NC(=O)c1c(C(F)(F)F)nnn1Cc1ccc(C(F)(F)F)cc1)c1ccc(C(=O)O)cc1,224.8,0,0,0,0,0,0,0,0,0,0
156,C[C@H](NC(=O)c1c(C(F)(F)F)nnn1Cc1ccc(F)cc1)c1ccc(C(=O)O)cc1,0,C[C@H](NC(=O)c1c(C(F)(F)F)nnn1Cc1ccc(F)cc1)c1ccc(C(=O)O)cc1,2315.7,0,0,0,0,0,0,0,0,0,0
157,C[C@H](NC(=O)c1c(C(F)(F)F)nnn1Cc1cccc(C(F)(F)F)c1)c1ccc(C(=O)O)cc1,0,C[C@H](NC(=O)c1c(C(F)(F)F)nnn1Cc1cccc(C(F)(F)F)c1)c1ccc(C(=O)O)cc1,1970.0,0,0,0,0,0,0,0,0,0,0
158,C[C@H](NC(=O)c1c(C(F)F)nn(C)c1Oc1cccc(C(F)(F)F)c1)c1ccc(C(=O)O)cc1,0,C[C@H](NC(=O)c1c(C(F)F)nn(C)c1Oc1cccc(C(F)(F)F)c1)c1ccc(C(=O)O)cc1,63.16,0,0,0,0,0,0,1,1,1,1
159,C[C@H](NC(=O)c1c(C2=CCCC2)nnn1Cc1ccc(C(F)(F)F)cc1)c1ccc(C(=O)O)cc1,0,C[C@H](NC(=O)c1c(C2=CCCC2)nnn1Cc1ccc(C(F)(F)F)cc1)c1ccc(C(=O)O)cc1,214.0,0,0,0,0,0,0,0,0,0,0
160,C[C@H](NC(=O)c1c(C2=CCCCC2)nnn1Cc1ccc(C(F)(F)F)cc1)c1ccc(C(=O)O)cc1,0,C[C@H](NC(=O)c1c(C2=CCCCC2)nnn1Cc1ccc(C(F)(F)F)cc1)c1ccc(C(=O)O)cc1,183.0,0,0,0,0,0,0,0,0,0,0
161,C[C@H](NC(=O)c1c(C2=CCOCC2)nnn1Cc1ccc(C(F)(F)F)cc1)c1ccc(C(=O)O)cc1,0,C[C@H](NC(=O)c1c(C2=CCOCC2)nnn1Cc1ccc(C(F)(F)F)cc1)c1ccc(C(=O)O)cc1,118.8,0,0,0,0,0,0,0,0,0,0
162,C[C@H](NC(=O)c1c(C2CC2)nnn1Cc1ccc(C(F)(F)F)cc1)c1ccc(C(=O)O)cc1,0,C[C@H](NC(=O)c1c(C2CC2)nnn1Cc1ccc(C(F)(F)F)cc1)c1ccc(C(=O)O)cc1,52.1,0,0,0,0,0,1,1,1,1,1
163,C[C@H](NC(=O)c1c(C2CCC2)nnn1Cc1ccc(C(F)(F)F)cc1)c1ccc(C(=O)O)cc1,0,C[C@H](NC(=O)c1c(C2CCC2)nnn1Cc1ccc(C(F)(F)F)cc1)c1ccc(C(=O)O)cc1,75.3,0,0,0,0,0,0,0,1,1,1
164,C[C@H](NC(=O)c1c(C2CCCC2)nnn1Cc1ccc(C(F)(F)F)cc1)c1ccc(C(=O)O)cc1,0,C[C@H](NC(=O)c1c(C2CCCC2)nnn1Cc1ccc(C(F)(F)F)cc1)c1ccc(C(=O)O)cc1,65.1,0,0,0,0,0,0,1,1,1,1
165,C[C@H](NC(=O)c1c(C2CCCCC2)nnn1Cc1ccc(C(F)(F)F)cc1)c1ccc(C(=O)O)cc1,0,C[C@H](NC(=O)c1c(C2CCCCC2)nnn1Cc1ccc(C(F)(F)F)cc1)c1ccc(C(=O)O)cc1,161.3,0,0,0,0,0,0,0,0,0,0
166,C[C@H](NC(=O)c1c(CCc2ccc(F)cc2)sc2c1CC(C)(C)OC2)c1ccc(C(=O)O)cc1,0,C[C@H](NC(=O)c1c(CCc2ccc(F)cc2)sc2c1CC(C)(C)OC2)c1ccc(C(=O)O)cc1,36.2,0,0,0,1,1,1,1,1,1,1
167,C[C@H](NC(=O)c1c(CCc2ccc(F)cc2)sc2c1CCC2)c1ccc(C(=O)O)cc1,0,C[C@H](NC(=O)c1c(CCc2ccc(F)cc2)sc2c1CCC2)c1ccc(C(=O)O)cc1,15.05,0,1,1,1,1,1,1,1,1,1
168,C[C@H](NC(=O)c1c(CCc2ccc(F)cc2)sc2c1CCCC2)c1ccc(C(=O)O)cc1,0,C[C@H](NC(=O)c1c(CCc2ccc(F)cc2)sc2c1CCCC2)c1ccc(C(=O)O)cc1,28.4,0,0,1,1,1,1,1,1,1,1
169,C[C@H](NC(=O)c1c(CCc2ccc(F)cc2)sc2c1CCCCC2)c1ccc(C(=O)O)cc1,0,C[C@H](NC(=O)c1c(CCc2ccc(F)cc2)sc2c1CCCCC2)c1ccc(C(=O)O)cc1,205.5,0,0,0,0,0,0,0,0,0,0
170,C[C@H](NC(=O)c1c(CCc2ccc(F)cc2)sc2c1CCN(C(=O)OC(C)(C)C)C2)c1ccc(C(=O)O)cc1,0,C[C@H](NC(=O)c1c(CCc2ccc(F)cc2)sc2c1CCN(C(=O)OC(C)(C)C)C2)c1ccc(C(=O)O)cc1,315.0,0,0,0,0,0,0,0,0,0,0
171,C[C@H](NC(=O)c1c(CCc2ccc(F)cc2)sc2c1CCOC2)c1ccc(C(=O)O)cc1,0,C[C@H](NC(=O)c1c(CCc2ccc(F)cc2)sc2c1CCOC2)c1ccc(C(=O)O)cc1,34.6,0,0,0,1,1,1,1,1,1,1
172,C[C@H](NC(=O)c1c(CCc2ccc(F)cc2)sc2c1COCC2)c1ccc(C(=O)O)cc1,0,C[C@H](NC(=O)c1c(CCc2ccc(F)cc2)sc2c1COCC2)c1ccc(C(=O)O)cc1,13.1,0,1,1,1,1,1,1,1,1,1
173,C[C@H](NC(=O)c1c(Cc2cc(F)c(Cl)cc2Cl)sc2c1CCOC2)c1ccc(C(=O)O)cc1,1,C[C@H](NC(=O)c1c(Cc2cc(F)c(Cl)cc2Cl)sc2c1CCOC2)c1ccc(C(=O)O)cc1,2.5,1,1,1,1,1,1,1,1,1,1
174,C[C@H](NC(=O)c1c(Cc2ccc(C(C)(C)C)cc2)sc2c1CCOC2)c1ccc(C(=O)O)cc1,1,C[C@H](NC(=O)c1c(Cc2ccc(C(C)(C)C)cc2)sc2c1CCOC2)c1ccc(C(=O)O)cc1,9.5,1,1,1,1,1,1,1,1,1,1
175,C[C@H](NC(=O)c1c(Cc2ccc(C(F)(F)F)cc2)sc2c1CCOC2)c1ccc(C(=O)O)cc1,0,C[C@H](NC(=O)c1c(Cc2ccc(C(F)(F)F)cc2)sc2c1CCOC2)c1ccc(C(=O)O)cc1,169.15,0,0,0,0,0,0,0,0,0,0
176,C[C@H](NC(=O)c1c(Cc2ccc(Cl)cc2)sc2c1CCOC2)c1ccc(C(=O)O)cc1,1,C[C@H](NC(=O)c1c(Cc2ccc(Cl)cc2)sc2c1CCOC2)c1ccc(C(=O)O)cc1,1.0,1,1,1,1,1,1,1,1,1,1
177,C[C@H](NC(=O)c1c(Cc2ccc(F)cc2)sc2c1CCOC2)c1ccc(C(=O)NN)cc1,0,C[C@H](NC(=O)c1c(Cc2ccc(F)cc2)sc2c1CCOC2)c1ccc(C(=O)NN)cc1,74.9,0,0,0,0,0,0,0,1,1,1
178,C[C@H](NC(=O)c1c(Cc2ccc(F)cc2)sc2c1CCOC2)c1ccc(C(=O)O)cc1,1,C[C@H](NC(=O)c1c(Cc2ccc(F)cc2)sc2c1CCOC2)c1ccc(C(=O)O)cc1,4.5,1,1,1,1,1,1,1,1,1,1
179,C[C@H](NC(=O)c1c(Cc2ccc(OC(F)(F)F)c(Cl)c2)sc2c1CCOC2)c1ccc(C(=O)O)cc1,1,C[C@H](NC(=O)c1c(Cc2ccc(OC(F)(F)F)c(Cl)c2)sc2c1CCOC2)c1ccc(C(=O)O)cc1,6.6,1,1,1,1,1,1,1,1,1,1
180,C[C@H](NC(=O)c1c(Cc2cccc(C(F)(F)F)c2)sc2c1CCOC2)c1ccc(C(=O)O)cc1,1,C[C@H](NC(=O)c1c(Cc2cccc(C(F)(F)F)c2)sc2c1CCOC2)c1ccc(C(=O)O)cc1,2.25,1,1,1,1,1,1,1,1,1,1
181,C[C@H](NC(=O)c1c(Cc2cccc(Cl)c2)sc2c1CCOC2)c1ccc(C(=O)O)cc1,1,C[C@H](NC(=O)c1c(Cc2cccc(Cl)c2)sc2c1CCOC2)c1ccc(C(=O)O)cc1,3.2,1,1,1,1,1,1,1,1,1,1
182,C[C@H](NC(=O)c1c(Cc2cccc(F)c2)sc2c1CCOC2)c1ccc(C(=O)O)cc1,1,C[C@H](NC(=O)c1c(Cc2cccc(F)c2)sc2c1CCOC2)c1ccc(C(=O)O)cc1,5.1,1,1,1,1,1,1,1,1,1,1
183,C[C@H](NC(=O)c1c(Cl)sc(Cl)c1Cc1cccc(Cl)c1)c1ccc(C(=O)O)cc1,1,C[C@H](NC(=O)c1c(Cl)sc(Cl)c1Cc1cccc(Cl)c1)c1ccc(C(=O)O)cc1,3.6,1,1,1,1,1,1,1,1,1,1
184,C[C@H](NC(=O)c1c(NCc2ccc(C(F)(F)F)cc2)sc2c1CCOC2)c1ccc(C(=O)O)cc1,0,C[C@H](NC(=O)c1c(NCc2ccc(C(F)(F)F)cc2)sc2c1CCOC2)c1ccc(C(=O)O)cc1,49.8,0,0,0,0,1,1,1,1,1,1
185,C[C@H](NC(=O)c1cc(C(F)(F)F)cc2c1N(Cc1ccc(C(F)(F)F)cc1)CC2)c1ccc(C(=O)O)cc1,1,C[C@H](NC(=O)c1cc(C(F)(F)F)cc2c1N(Cc1ccc(C(F)(F)F)cc1)CC2)c1ccc(C(=O)O)cc1,3.0,1,1,1,1,1,1,1,1,1,1
186,C[C@H](NC(=O)c1cc(Cl)cc2c1N(Cc1ccc(C(F)(F)F)cc1)CC2)c1ccc(C(=O)O)cc1,1,C[C@H](NC(=O)c1cc(Cl)cc2c1N(Cc1ccc(C(F)(F)F)cc1)CC2)c1ccc(C(=O)O)cc1,2.2,1,1,1,1,1,1,1,1,1,1
187,C[C@H](NC(=O)c1cc(Cl)cc2ccn(Cc3ccc(C(F)(F)F)cc3)c12)c1ccc(C(=O)O)cc1,1,C[C@H](NC(=O)c1cc(Cl)cc2ccn(Cc3ccc(C(F)(F)F)cc3)c12)c1ccc(C(=O)O)cc1,1.12,1,1,1,1,1,1,1,1,1,1
188,C[C@H](NC(=O)c1cc(Cl)cc2ccn(Cc3cccc(Cl)c3)c12)c1ccc(C(=O)O)cc1,1,C[C@H](NC(=O)c1cc(Cl)cc2ccn(Cc3cccc(Cl)c3)c12)c1ccc(C(=O)O)cc1,1.5,1,1,1,1,1,1,1,1,1,1
189,C[C@H](NC(=O)c1cc(Cl)ccc1Oc1ccc(F)cc1)c1ccc(C(=O)O)cc1,0,C[C@H](NC(=O)c1cc(Cl)ccc1Oc1ccc(F)cc1)c1ccc(C(=O)O)cc1,16.9475,0,1,1,1,1,1,1,1,1,1
190,C[C@H](NC(=O)c1cc(Cl)ccc1Oc1cccc(Cl)c1)c1ccc(C(=O)O)cc1,0,C[C@H](NC(=O)c1cc(Cl)ccc1Oc1cccc(Cl)c1)c1ccc(C(=O)O)cc1,41.1,0,0,0,0,1,1,1,1,1,1
191,C[C@H](NC(=O)c1cc(Cl)ccc1Oc1cccc(F)c1)c1ccc(C(=O)O)cc1,0,C[C@H](NC(=O)c1cc(Cl)ccc1Oc1cccc(F)c1)c1ccc(C(=O)O)cc1,19.68,0,1,1,1,1,1,1,1,1,1
192,C[C@H](NC(=O)c1cc(Cl)cnc1Oc1ccc(Cl)cc1)c1ccc(C(=O)O)cc1,0,C[C@H](NC(=O)c1cc(Cl)cnc1Oc1ccc(Cl)cc1)c1ccc(C(=O)O)cc1,94.3,0,0,0,0,0,0,0,0,0,1
193,C[C@H](NC(=O)c1cc(Cl)cnc1Oc1ccc(F)cc1)c1ccc(C(=O)O)cc1,0,C[C@H](NC(=O)c1cc(Cl)cnc1Oc1ccc(F)cc1)c1ccc(C(=O)O)cc1,17.79,0,1,1,1,1,1,1,1,1,1
194,C[C@H](NC(=O)c1cc(Cl)cnc1Oc1cccc(C#N)c1)c1ccc(C(=O)O)cc1,0,C[C@H](NC(=O)c1cc(Cl)cnc1Oc1cccc(C#N)c1)c1ccc(C(=O)O)cc1,24.8,0,0,1,1,1,1,1,1,1,1
195,C[C@H](NC(=O)c1cc(Cl)cnc1Oc1cccc(C(F)(F)F)c1)c1ccc(C(=O)O)cc1,0,C[C@H](NC(=O)c1cc(Cl)cnc1Oc1cccc(C(F)(F)F)c1)c1ccc(C(=O)O)cc1,60.4,0,0,0,0,0,0,1,1,1,1
196,C[C@H](NC(=O)c1cc(Cl)cnc1Oc1cccc(Cl)c1)c1ccc(C(=O)O)cc1,0,C[C@H](NC(=O)c1cc(Cl)cnc1Oc1cccc(Cl)c1)c1ccc(C(=O)O)cc1,13.41,0,1,1,1,1,1,1,1,1,1
197,C[C@H](NC(=O)c1cc(Cl)cnc1Oc1cccc(F)c1)c1ccc(C(=O)O)cc1,1,C[C@H](NC(=O)c1cc(Cl)cnc1Oc1cccc(F)c1)c1ccc(C(=O)O)cc1,9.35,1,1,1,1,1,1,1,1,1,1
198,C[C@H](NC(=O)c1cc(Cl)cnc1Oc1cccc(OC(F)(F)F)c1)c1ccc(C(=O)O)cc1,0,C[C@H](NC(=O)c1cc(Cl)cnc1Oc1cccc(OC(F)(F)F)c1)c1ccc(C(=O)O)cc1,1790.0,0,0,0,0,0,0,0,0,0,0
199,C[C@H](NC(=O)c1cc(Cl)cnc1Oc1ccccc1Cl)c1ccc(C(=O)O)cc1,0,C[C@H](NC(=O)c1cc(Cl)cnc1Oc1ccccc1Cl)c1ccc(C(=O)O)cc1,93.5,0,0,0,0,0,0,0,0,0,1
200,C[C@H](NC(=O)c1cc(Cl)cnc1Oc1ccccc1F)c1ccc(C(=O)O)cc1,0,C[C@H](NC(=O)c1cc(Cl)cnc1Oc1ccccc1F)c1ccc(C(=O)O)cc1,61.4,0,0,0,0,0,0,1,1,1,1
201,C[C@H](NC(=O)c1cc(Cl)cnc1Oc1cncc(Cl)c1)c1ccc(C(=O)O)cc1,0,C[C@H](NC(=O)c1cc(Cl)cnc1Oc1cncc(Cl)c1)c1ccc(C(=O)O)cc1,137.0,0,0,0,0,0,0,0,0,0,0
202,C[C@H](NC(=O)c1cc(Cl)cnc1Oc1cncc(F)c1)c1ccc(C(=O)O)cc1,0,C[C@H](NC(=O)c1cc(Cl)cnc1Oc1cncc(F)c1)c1ccc(C(=O)O)cc1,175.0,0,0,0,0,0,0,0,0,0,0
203,C[C@H](NC(=O)c1cc(F)cc2c1N(Cc1ccc(C(F)(F)F)cc1)CC2)c1ccc(C(=O)O)cc1,1,C[C@H](NC(=O)c1cc(F)cc2c1N(Cc1ccc(C(F)(F)F)cc1)CC2)c1ccc(C(=O)O)cc1,2.1,1,1,1,1,1,1,1,1,1,1
204,C[C@H](NC(=O)c1cc(F)cc2ccn(Cc3cccc(Cl)c3)c12)c1ccc(C(=O)O)cc1,1,C[C@H](NC(=O)c1cc(F)cc2ccn(Cc3cccc(Cl)c3)c12)c1ccc(C(=O)O)cc1,3.3,1,1,1,1,1,1,1,1,1,1
205,C[C@H](NC(=O)c1cc(F)cnc1Oc1ccc(F)cc1)c1ccc(C(=O)O)cc1,0,C[C@H](NC(=O)c1cc(F)cnc1Oc1ccc(F)cc1)c1ccc(C(=O)O)cc1,85.85,0,0,0,0,0,0,0,0,1,1
206,C[C@H](NC(=O)c1cccc2c1N(Cc1ccc(-c3ccccc3)cc1)CC2)c1ccc(C(=O)O)cc1,1,C[C@H](NC(=O)c1cccc2c1N(Cc1ccc(-c3ccccc3)cc1)CC2)c1ccc(C(=O)O)cc1,1.3,1,1,1,1,1,1,1,1,1,1
207,C[C@H](NC(=O)c1cccc2c1N(Cc1ccc(C#N)cc1)CC2)c1ccc(C(=O)O)cc1,1,C[C@H](NC(=O)c1cccc2c1N(Cc1ccc(C#N)cc1)CC2)c1ccc(C(=O)O)cc1,7.3,1,1,1,1,1,1,1,1,1,1
208,C[C@H](NC(=O)c1cccc2c1N(Cc1ccc(C(C)(C)C)cc1)CC2)c1ccc(C(=O)O)cc1,0,C[C@H](NC(=O)c1cccc2c1N(Cc1ccc(C(C)(C)C)cc1)CC2)c1ccc(C(=O)O)cc1,114.0,0,0,0,0,0,0,0,0,0,0
209,C[C@H](NC(=O)c1cccc2c1N(Cc1ccc(C(F)(F)F)cc1)CC2)c1ccc(-c2nn[nH]n2)cc1,1,C[C@H](NC(=O)c1cccc2c1N(Cc1ccc(C(F)(F)F)cc1)CC2)c1ccc(-c2nn[nH]n2)cc1,3.5,1,1,1,1,1,1,1,1,1,1
210,C[C@H](NC(=O)c1cccc2c1N(Cc1ccc(C(F)(F)F)cc1)CC2)c1ccc(C(=O)O)cc1,1,C[C@H](NC(=O)c1cccc2c1N(Cc1ccc(C(F)(F)F)cc1)CC2)c1ccc(C(=O)O)cc1,2.1,1,1,1,1,1,1,1,1,1,1
211,C[C@H](NC(=O)c1cccc2c1N(Cc1ccc(C(F)(F)F)cc1Br)CC2)c1ccc(C(=O)O)cc1,1,C[C@H](NC(=O)c1cccc2c1N(Cc1ccc(C(F)(F)F)cc1Br)CC2)c1ccc(C(=O)O)cc1,4.7,1,1,1,1,1,1,1,1,1,1
212,C[C@H](NC(=O)c1cccc2c1N(Cc1ccc(C(N)=O)cc1)CC2)c1ccc(C(=O)O)cc1,0,C[C@H](NC(=O)c1cccc2c1N(Cc1ccc(C(N)=O)cc1)CC2)c1ccc(C(=O)O)cc1,73.0,0,0,0,0,0,0,0,1,1,1
213,C[C@H](NC(=O)c1cccc2c1N(Cc1ccc(Cl)c(Cl)c1)CC2)c1ccc(C(=O)O)cc1,1,C[C@H](NC(=O)c1cccc2c1N(Cc1ccc(Cl)c(Cl)c1)CC2)c1ccc(C(=O)O)cc1,1.1,1,1,1,1,1,1,1,1,1,1
214,C[C@H](NC(=O)c1cccc2c1N(Cc1ccc(Cl)cc1)CC2)c1ccc(C(=O)O)cc1,1,C[C@H](NC(=O)c1cccc2c1N(Cc1ccc(Cl)cc1)CC2)c1ccc(C(=O)O)cc1,0.92,1,1,1,1,1,1,1,1,1,1
215,C[C@H](NC(=O)c1cccc2c1N(Cc1ccc(Cl)cc1Br)CC2)c1ccc(C(=O)O)cc1,1,C[C@H](NC(=O)c1cccc2c1N(Cc1ccc(Cl)cc1Br)CC2)c1ccc(C(=O)O)cc1,8.3,1,1,1,1,1,1,1,1,1,1
216,C[C@H](NC(=O)c1cccc2c1N(Cc1ccc(F)cc1)CC2)c1ccc(C(=O)O)cc1,1,C[C@H](NC(=O)c1cccc2c1N(Cc1ccc(F)cc1)CC2)c1ccc(C(=O)O)cc1,6.2,1,1,1,1,1,1,1,1,1,1
217,C[C@H](NC(=O)c1cccc2c1N(Cc1ccc(OC(F)(F)F)cc1)CC2)c1ccc(C(=O)O)cc1,1,C[C@H](NC(=O)c1cccc2c1N(Cc1ccc(OC(F)(F)F)cc1)CC2)c1ccc(C(=O)O)cc1,2.8,1,1,1,1,1,1,1,1,1,1
218,C[C@H](NC(=O)c1cccc2c1N(Cc1cccc(C#N)c1)CC2)c1ccc(C(=O)O)cc1,0,C[C@H](NC(=O)c1cccc2c1N(Cc1cccc(C#N)c1)CC2)c1ccc(C(=O)O)cc1,212.0,0,0,0,0,0,0,0,0,0,0
219,C[C@H](NC(=O)c1cccc2c1N(Cc1cccc(C(N)=O)c1)CC2)c1ccc(C(=O)O)cc1,0,C[C@H](NC(=O)c1cccc2c1N(Cc1cccc(C(N)=O)c1)CC2)c1ccc(C(=O)O)cc1,72.0,0,0,0,0,0,0,0,1,1,1
220,C[C@H](NC(=O)c1cccc2c1N(Cc1cccnc1)CC2)c1ccc(C(=O)O)cc1,0,C[C@H](NC(=O)c1cccc2c1N(Cc1cccnc1)CC2)c1ccc(C(=O)O)cc1,258.0,0,0,0,0,0,0,0,0,0,0
221,C[C@H](NC(=O)c1cccc2c1Oc1cc(C(F)(F)F)ccc1CC2)c1ccc(C(=O)O)cc1,0,C[C@H](NC(=O)c1cccc2c1Oc1cc(C(F)(F)F)ccc1CC2)c1ccc(C(=O)O)cc1,11.0,0,1,1,1,1,1,1,1,1,1
222,C[C@H](NC(=O)c1cccc2c1Oc1ccc(C(F)(F)F)cc1CC2)c1ccc(C(=O)O)cc1,0,C[C@H](NC(=O)c1cccc2c1Oc1ccc(C(F)(F)F)cc1CC2)c1ccc(C(=O)O)cc1,52.5,0,0,0,0,0,1,1,1,1,1
223,C[C@H](NC(=O)c1cccc2ccn(Cc3cc(Cl)cc(OC(F)(F)F)c3)c12)c1ccc(C(=O)O)cc1,1,C[C@H](NC(=O)c1cccc2ccn(Cc3cc(Cl)cc(OC(F)(F)F)c3)c12)c1ccc(C(=O)O)cc1,1.4,1,1,1,1,1,1,1,1,1,1
224,C[C@H](NC(=O)c1cccc2ccn(Cc3ccc(C(F)(F)F)cc3)c12)c1ccc(C(=O)O)cc1,1,C[C@H](NC(=O)c1cccc2ccn(Cc3ccc(C(F)(F)F)cc3)c12)c1ccc(C(=O)O)cc1,2.7,1,1,1,1,1,1,1,1,1,1
225,C[C@H](NC(=O)c1cccc2ccn(Cc3cccc(C(F)(F)F)c3)c12)c1ccc(C(=O)O)cc1,0,C[C@H](NC(=O)c1cccc2ccn(Cc3cccc(C(F)(F)F)c3)c12)c1ccc(C(=O)O)cc1,11.8,0,1,1,1,1,1,1,1,1,1
226,C[C@H](NC(=O)c1cccc2ccn(Cc3cccc(Cl)c3)c12)c1ccc(C(=O)O)cc1,1,C[C@H](NC(=O)c1cccc2ccn(Cc3cccc(Cl)c3)c12)c1ccc(C(=O)O)cc1,5.95,1,1,1,1,1,1,1,1,1,1
227,C[C@H](NC(=O)c1cscc1Cc1cccc(Cl)c1)c1ccc(C(=O)O)cc1,0,C[C@H](NC(=O)c1cscc1Cc1cccc(Cl)c1)c1ccc(C(=O)O)cc1,12.0,0,1,1,1,1,1,1,1,1,1
228,Cc1c(C(=O)c2ccc(Cl)cc2)c2ccc(OC(F)(F)F)cc2n1Cc1cccc(O[C@H](C)C(=O)O)c1,0,Cc1c(C(=O)c2ccc(Cl)cc2)c2ccc(OC(F)(F)F)cc2n1Cc1cccc(O[C@H](C)C(=O)O)c1,3700.0,0,0,0,0,0,0,0,0,0,0
229,Cc1cc(C(=O)O)cc(C)c1NC(=O)c1cc(-c2cccc(CO)c2)cc2ccccc12,0,Cc1cc(C(=O)O)cc(C)c1NC(=O)c1cc(-c2cccc(CO)c2)cc2ccccc12,68.555,0,0,0,0,0,0,1,1,1,1
230,Cc1cc(C(=O)O)cc(C)c1NC(=O)c1cc(-c2cccc(CO)c2)ccc1F,0,Cc1cc(C(=O)O)cc(C)c1NC(=O)c1cc(-c2cccc(CO)c2)ccc1F,24.265,0,0,1,1,1,1,1,1,1,1
231,Cc1cc(C(=O)O)cc(C)c1NC(=O)c1cc(-c2cccc(CO)c2)nc2ccccc12,0,Cc1cc(C(=O)O)cc(C)c1NC(=O)c1cc(-c2cccc(CO)c2)nc2ccccc12,252.04,0,0,0,0,0,0,0,0,0,0
232,Cc1cc(C(=O)O)cc(C)c1NC(=O)c1cc(-c2ccccc2)cc2ccccc12,0,Cc1cc(C(=O)O)cc(C)c1NC(=O)c1cc(-c2ccccc2)cc2ccccc12,313.24,0,0,0,0,0,0,0,0,0,0
233,Cc1cc(C(=O)O)cc(C)c1NC(=O)c1cc(-c2ccccc2)nc2ccccc12,0,Cc1cc(C(=O)O)cc(C)c1NC(=O)c1cc(-c2ccccc2)nc2ccccc12,995.6,0,0,0,0,0,0,0,0,0,0
234,Cc1cc(C(=O)O)cc(C)c1NC(=O)c1nc(-c2cccc(CO)c2)ccc1C(F)(F)F,0,Cc1cc(C(=O)O)cc(C)c1NC(=O)c1nc(-c2cccc(CO)c2)ccc1C(F)(F)F,60.835,0,0,0,0,0,0,1,1,1,1
235,Cc1cc(CC2(NC(=O)NS(=O)(=O)c3ccc4ccccc4c3)CC2)ccc1N1Cc2c(c(OCC(F)(F)F)c3cccnc3c2OCC(F)(F)F)C1=O,0,Cc1cc(CC2(NC(=O)NS(=O)(=O)c3ccc4ccccc4c3)CC2)ccc1N1Cc2c(c(OCC(F)(F)F)c3cccnc3c2OCC(F)(F)F)C1=O,55.95,0,0,0,0,0,1,1,1,1,1
236,Cc1cc(CC2(NC(=O)NS(=O)(=O)c3ccccc3Cl)CC2)ccc1N1Cc2c(c(OCC(F)(F)F)c3cccnc3c2OCC(F)(F)F)C1=O,0,Cc1cc(CC2(NC(=O)NS(=O)(=O)c3ccccc3Cl)CC2)ccc1N1Cc2c(c(OCC(F)(F)F)c3cccnc3c2OCC(F)(F)F)C1=O,25.5,0,0,1,1,1,1,1,1,1,1
237,Cc1ccc(-c2cccc(CO)c2)cc1C(=O)Nc1c(C)cc(C(=O)O)cc1C,1,Cc1ccc(-c2cccc(CO)c2)cc1C(=O)Nc1c(C)cc(C(=O)O)cc1C,9.49,1,1,1,1,1,1,1,1,1,1
238,Cc1ccc(-c2cccc(CO)c2)cc1C(=O)Nc1c(C)ccc(C(=O)O)c1C,0,Cc1ccc(-c2cccc(CO)c2)cc1C(=O)Nc1c(C)ccc(C(=O)O)c1C,30.905,0,0,0,1,1,1,1,1,1,1
239,Cc1ccc(-c2cccc(CO)c2)nc1C(=O)Nc1c(C)cc(C(=O)O)cc1C,0,Cc1ccc(-c2cccc(CO)c2)nc1C(=O)Nc1c(C)cc(C(=O)O)cc1C,28.485,0,0,1,1,1,1,1,1,1,1
240,Cc1ccc(-c2cccc(CO)c2)nc1C(=O)Nc1c(C)ccc(C(=O)O)c1C,0,Cc1ccc(-c2cccc(CO)c2)nc1C(=O)Nc1c(C)ccc(C(=O)O)c1C,20.53,0,0,1,1,1,1,1,1,1,1
241,Cc1ccc(-c2cccc(Cl)c2)nc1C(=O)Nc1c(C)ccc(C(=O)O)c1C,0,Cc1ccc(-c2cccc(Cl)c2)nc1C(=O)Nc1c(C)ccc(C(=O)O)c1C,319.28,0,0,0,0,0,0,0,0,0,0
242,Cc1ccc(-c2nnn(Cc3ccc(C(F)(F)F)cc3)c2C(=O)N[C@@H](C)c2ccc(C(=O)O)cc2)s1,0,Cc1ccc(-c2nnn(Cc3ccc(C(F)(F)F)cc3)c2C(=O)N[C@@H](C)c2ccc(C(=O)O)cc2)s1,23.35,0,0,1,1,1,1,1,1,1,1
243,Cc1ccc(-n2c(C)ccc2-c2cc(Cl)ccc2OCc2ccc(F)cc2)cc1C(=O)O,0,Cc1ccc(-n2c(C)ccc2-c2cc(Cl)ccc2OCc2ccc(F)cc2)cc1C(=O)O,15848.93,0,0,0,0,0,0,0,0,0,0
244,Cc1ccc(C(=O)O)c(C)c1NC(=O)c1cc(-c2cccc(CO)c2)cc2ccccc12,1,Cc1ccc(C(=O)O)c(C)c1NC(=O)c1cc(-c2cccc(CO)c2)cc2ccccc12,4.3100000000000005,1,1,1,1,1,1,1,1,1,1
245,Cc1ccc(C(=O)O)c(C)c1NC(=O)c1cc(-c2cccc(CO)c2)ccc1F,0,Cc1ccc(C(=O)O)c(C)c1NC(=O)c1cc(-c2cccc(CO)c2)ccc1F,38.445,0,0,0,1,1,1,1,1,1,1
246,Cc1ccc(C(=O)O)c(C)c1NC(=O)c1cc(-c2cccc(CO)c2)nc2ccccc12,0,Cc1ccc(C(=O)O)c(C)c1NC(=O)c1cc(-c2cccc(CO)c2)nc2ccccc12,158.6,0,0,0,0,0,0,0,0,0,0
247,Cc1ccc(C(=O)O)c(C)c1NC(=O)c1cc(-c2cccc(Cl)c2)cc2ccccc12,0,Cc1ccc(C(=O)O)c(C)c1NC(=O)c1cc(-c2cccc(Cl)c2)cc2ccccc12,123.31,0,0,0,0,0,0,0,0,0,0
248,Cc1ccc(C(=O)O)c(C)c1NC(=O)c1cc(-c2ccccc2)cc2ccccc12,0,Cc1ccc(C(=O)O)c(C)c1NC(=O)c1cc(-c2ccccc2)cc2ccccc12,291.325,0,0,0,0,0,0,0,0,0,0
249,Cc1ccc(C(=O)O)c(C)c1NC(=O)c1nc(-c2cccc(CO)c2)ccc1C(F)(F)F,0,Cc1ccc(C(=O)O)c(C)c1NC(=O)c1nc(-c2cccc(CO)c2)ccc1C(F)(F)F,30.47,0,0,0,1,1,1,1,1,1,1
250,Cc1ccc(CN2CCc3cccc(C(=O)N[C@@H](C)c4ccc(C(=O)O)cc4)c32)cc1,1,Cc1ccc(CN2CCc3cccc(C(=O)N[C@@H](C)c4ccc(C(=O)O)cc4)c32)cc1,5.8,1,1,1,1,1,1,1,1,1,1
251,Cc1ccc(Cc2sc3c(c2C(=O)N[C@@H](C)c2ccc(C(=O)O)cc2)CCOC3)cc1,1,Cc1ccc(Cc2sc3c(c2C(=O)N[C@@H](C)c2ccc(C(=O)O)cc2)CCOC3)cc1,0.4,1,1,1,1,1,1,1,1,1,1
252,Cc1ccc(N2CCC(C)(O)CC2)nc1C(=O)Nc1c(C)cc(C(=O)O)cc1C,0,Cc1ccc(N2CCC(C)(O)CC2)nc1C(=O)Nc1c(C)cc(C(=O)O)cc1C,1819.9,0,0,0,0,0,0,0,0,0,0
253,Cc1ccc(N2CCC(C)(O)CC2)nc1C(=O)Nc1c(C)ccc(C(=O)O)c1C,0,Cc1ccc(N2CCC(C)(O)CC2)nc1C(=O)Nc1c(C)ccc(C(=O)O)c1C,87.9,0,0,0,0,0,0,0,0,1,1
254,Cc1ccc(N2CCC(CO)C2)nc1C(=O)Nc1c(C)cc(C(=O)O)cc1C,0,Cc1ccc(N2CCC(CO)C2)nc1C(=O)Nc1c(C)cc(C(=O)O)cc1C,84.0,0,0,0,0,0,0,0,0,1,1
255,Cc1ccc(N2CCC(F)(F)CC2)nc1C(=O)Nc1c(C)cc(C(=O)O)cc1C,0,Cc1ccc(N2CCC(F)(F)CC2)nc1C(=O)Nc1c(C)cc(C(=O)O)cc1C,580.805,0,0,0,0,0,0,0,0,0,0
256,Cc1ccc(N2CCC(O)CC2)nc1C(=O)Nc1c(C)cc(C(=O)O)cc1C,0,Cc1ccc(N2CCC(O)CC2)nc1C(=O)Nc1c(C)cc(C(=O)O)cc1C,46.873333333333335,0,0,0,0,1,1,1,1,1,1
257,Cc1ccc(N2CCC(O)CC2)nc1C(=O)Nc1c(C)ccc(C(=O)O)c1C,0,Cc1ccc(N2CCC(O)CC2)nc1C(=O)Nc1c(C)ccc(C(=O)O)c1C,734.75,0,0,0,0,0,0,0,0,0,0
258,Cc1ccc(N2CCCC(CO)C2)nc1C(=O)Nc1c(C)cc(C(=O)O)cc1C,0,Cc1ccc(N2CCCC(CO)C2)nc1C(=O)Nc1c(C)cc(C(=O)O)cc1C,733.25,0,0,0,0,0,0,0,0,0,0
259,Cc1ccc(N2CCCC(CO)C2)nc1C(=O)Nc1c(C)ccc(C(=O)O)c1C,0,Cc1ccc(N2CCCC(CO)C2)nc1C(=O)Nc1c(C)ccc(C(=O)O)c1C,1452.1,0,0,0,0,0,0,0,0,0,0
260,Cc1ccc(S(=O)(=O)NC(=O)NCCc2ccc(-c3c(C(=O)N(C)C)sc4c(C)cc(C)cc34)cc2)cc1,1,Cc1ccc(S(=O)(=O)NC(=O)NCCc2ccc(-c3c(C(=O)N(C)C)sc4c(C)cc(C)cc34)cc2)cc1,1.2,1,1,1,1,1,1,1,1,1,1
261,Cc1cccc(C)c1NC(=O)c1cc(-c2ccccc2)nc2ccccc12,0,Cc1cccc(C)c1NC(=O)c1cc(-c2ccccc2)nc2ccccc12,128.0,0,0,0,0,0,0,0,0,0,0
262,Cc1cn(Cc2ccc(Cl)cc2Cl)c2c(-c3cc(NS(=O)(=O)c4ccc(F)c(F)c4)no3)cc(F)cc12,0,Cc1cn(Cc2ccc(Cl)cc2Cl)c2c(-c3cc(NS(=O)(=O)c4ccc(F)c(F)c4)no3)cc(F)cc12,18600.0,0,0,0,0,0,0,0,0,0,0
263,Cc1cn(Cc2ccc(Cl)cc2Cl)c2c(/C=C/C(=O)NS(=O)(=O)c3cc(Cl)c(Cl)s3)cc(F)cc12,0,Cc1cn(Cc2ccc(Cl)cc2Cl)c2c(/C=C/C(=O)NS(=O)(=O)c3cc(Cl)c(Cl)s3)cc(F)cc12,8039.0,0,0,0,0,0,0,0,0,0,0
264,Cc1cn(Cc2ccc3ccccc3c2)c2c(/C=C/C(=O)NS(=O)(=O)c3cc(Cl)c(Cl)s3)cc(F)cc12,0,Cc1cn(Cc2ccc3ccccc3c2)c2c(/C=C/C(=O)NS(=O)(=O)c3cc(Cl)c(Cl)s3)cc(F)cc12,3647.0,0,0,0,0,0,0,0,0,0,0
265,Cc1cnc(Oc2ccc(F)cc2)c(C(=O)NCc2ccc(C(=O)O)cc2)c1,0,Cc1cnc(Oc2ccc(F)cc2)c(C(=O)NCc2ccc(C(=O)O)cc2)c1,2940.0,0,0,0,0,0,0,0,0,0,0
266,Cc1oc(C(=O)O)cc1COc1ccc(-c2ccccc2)cc1,0,Cc1oc(C(=O)O)cc1COc1ccc(-c2ccccc2)cc1,1000.0,0,0,0,0,0,0,0,0,0,0
267,Cc1oc(C(=O)O)cc1COc1ccc2oc3ccccc3c2c1,0,Cc1oc(C(=O)O)cc1COc1ccc2oc3ccccc3c2c1,4600.0,0,0,0,0,0,0,0,0,0,0
268,Cc1oc(C(=O)O)cc1COc1cccc(-c2ccccc2)c1,0,Cc1oc(C(=O)O)cc1COc1cccc(-c2ccccc2)c1,10000.0,0,0,0,0,0,0,0,0,0,0
269,Cc1sc(C)c(C(=O)NC2(c3ccc(-c4nn[nH]n4)cc3)CC2)c1Cc1ccc(C(F)(F)F)cc1,1,Cc1sc(C)c(C(=O)NC2(c3ccc(-c4nn[nH]n4)cc3)CC2)c1Cc1ccc(C(F)(F)F)cc1,2.3,1,1,1,1,1,1,1,1,1,1
270,Cc1sc(C)c(C(=O)NC2(c3ccc(C(=O)O)cc3)CC2)c1Cc1ccc(C(F)(F)F)cc1,1,Cc1sc(C)c(C(=O)NC2(c3ccc(C(=O)O)cc3)CC2)c1Cc1ccc(C(F)(F)F)cc1,4.725,1,1,1,1,1,1,1,1,1,1
271,Cc1sc(C)c(C(=O)N[C@@H](C)c2ccc(C(=O)O)cc2)c1Cc1ccc(C(F)(F)F)cc1,1,Cc1sc(C)c(C(=O)N[C@@H](C)c2ccc(C(=O)O)cc2)c1Cc1ccc(C(F)(F)F)cc1,4.5,1,1,1,1,1,1,1,1,1,1
272,Cc1sc(C)c(C(=O)N[C@@H](C)c2ccc(C(=O)O)cc2)c1Cc1ccc(Cl)cc1,1,Cc1sc(C)c(C(=O)N[C@@H](C)c2ccc(C(=O)O)cc2)c1Cc1ccc(Cl)cc1,5.4,1,1,1,1,1,1,1,1,1,1
273,Cc1sc(C)c(C(=O)N[C@@H](C)c2ccc(C(=O)O)cc2)c1Cc1cccc(C(F)(F)F)c1,1,Cc1sc(C)c(C(=O)N[C@@H](C)c2ccc(C(=O)O)cc2)c1Cc1cccc(C(F)(F)F)c1,4.7,1,1,1,1,1,1,1,1,1,1
274,Cc1sc(C)c(C(=O)N[C@@H](C)c2ccc(C(=O)O)cc2)c1Cc1cccc(Cl)c1,1,Cc1sc(C)c(C(=O)N[C@@H](C)c2ccc(C(=O)O)cc2)c1Cc1cccc(Cl)c1,8.6,1,1,1,1,1,1,1,1,1,1
275,Cl.O=C(O)c1ccc(C2(NC(=O)[C@H]3CCCCN3CCOc3ccccc3)CC2)cc1,0,Cl.O=C(O)c1ccc(C2(NC(=O)[C@H]3CCCCN3CCOc3ccccc3)CC2)cc1,223.07333333333327,0,0,0,0,0,0,0,0,0,0
276,Cl.O=C(O)c1ccc(CNC(=O)[C@H]2CCCCN2CCOc2ccccc2)cc1,0,Cl.O=C(O)c1ccc(CNC(=O)[C@H]2CCCCN2CCOc2ccccc2)cc1,373.3666666666666,0,0,0,0,0,0,0,0,0,0
277,Clc1cc(-c2csc3ccccc23)cc2c1OCCN(Cc1cccnc1)C2,0,Clc1cc(-c2csc3ccccc23)cc2c1OCCN(Cc1cccnc1)C2,3200.0,0,0,0,0,0,0,0,0,0,0
278,Cn1c2ccccc2c2cc(-c3nc4cc(C(=O)O)ccc4n3CC3CC3)ccc21,0,Cn1c2ccccc2c2cc(-c3nc4cc(C(=O)O)ccc4n3CC3CC3)ccc21,34.2,0,0,0,1,1,1,1,1,1,1
279,Cn1cc(/C=C/C(=O)NS(=O)(=O)c2cc(F)c(F)cc2F)c2c(Oc3ccc(Cl)c(Cl)c3)cccc21,0,Cn1cc(/C=C/C(=O)NS(=O)(=O)c2cc(F)c(F)cc2F)c2c(Oc3ccc(Cl)c(Cl)c3)cccc21,13000.0,0,0,0,0,0,0,0,0,0,0
280,Cn1cc(/C=C/C(=O)NS(=O)(=O)c2cc(F)c(F)cc2F)c2c(Oc3ccc(Cl)c(F)c3)cccc21,0,Cn1cc(/C=C/C(=O)NS(=O)(=O)c2cc(F)c(F)cc2F)c2c(Oc3ccc(Cl)c(F)c3)cccc21,10000.0,0,0,0,0,0,0,0,0,0,0
281,Cn1cc(/C=C/C(=O)NS(=O)(=O)c2ccc(F)c(F)c2)c2c(Oc3ccc(Cl)c(Cl)c3)cccc21,0,Cn1cc(/C=C/C(=O)NS(=O)(=O)c2ccc(F)c(F)c2)c2c(Oc3ccc(Cl)c(Cl)c3)cccc21,20400.0,0,0,0,0,0,0,0,0,0,0
282,Cn1cc(/C=C/C(=O)NS(=O)(=O)c2ccc(F)c(F)c2)c2c(Oc3ccc(Cl)cc3Cl)cccc21,0,Cn1cc(/C=C/C(=O)NS(=O)(=O)c2ccc(F)c(F)c2)c2c(Oc3ccc(Cl)cc3Cl)cccc21,14600.0,0,0,0,0,0,0,0,0,0,0
283,Cn1cc(/C=C/C(=O)NS(=O)(=O)c2ccc(F)c(F)c2)c2c(Oc3ccc4ccccc4c3)cccc21,0,Cn1cc(/C=C/C(=O)NS(=O)(=O)c2ccc(F)c(F)c2)c2c(Oc3ccc4ccccc4c3)cccc21,12500.0,0,0,0,0,0,0,0,0,0,0
284,N#Cc1cccc(C[C@H](O)CC[C@H]2CCC(=O)N2CCCCCCC(=O)O)c1,0,N#Cc1cccc(C[C@H](O)CC[C@H]2CCC(=O)N2CCCCCCC(=O)O)c1,388.0,0,0,0,0,0,0,0,0,0,0
285,O=C(/C=C/c1cccc2c1N(Cc1ccc3ccccc3c1)C(=O)C2O)NS(=O)(=O)c1cc(F)c(F)cc1F,0,O=C(/C=C/c1cccc2c1N(Cc1ccc3ccccc3c1)C(=O)C2O)NS(=O)(=O)c1cc(F)c(F)cc1F,8700.0,0,0,0,0,0,0,0,0,0,0
286,O=C(/C=C/c1cccc2c1N(Cc1ccc3ccccc3c1)C(=O)C2O)NS(=O)(=O)c1ccc(F)c(F)c1,0,O=C(/C=C/c1cccc2c1N(Cc1ccc3ccccc3c1)C(=O)C2O)NS(=O)(=O)c1ccc(F)c(F)c1,2300.0,0,0,0,0,0,0,0,0,0,0
287,O=C(/C=C/c1cccc2c1N(Cc1ccc3ccccc3c1)C(=O)C2O)NS(=O)(=O)c1ccc(F)cc1,0,O=C(/C=C/c1cccc2c1N(Cc1ccc3ccccc3c1)C(=O)C2O)NS(=O)(=O)c1ccc(F)cc1,15100.0,0,0,0,0,0,0,0,0,0,0
288,O=C(/C=C/c1cccc2ccn(Cc3ccc(Cl)cc3Cl)c12)NS(=O)(=O)c1cccs1,0,O=C(/C=C/c1cccc2ccn(Cc3ccc(Cl)cc3Cl)c12)NS(=O)(=O)c1cccs1,8178.0,0,0,0,0,0,0,0,0,0,0
289,O=C(COc1cccc2[nH]cc(Cc3ccc4ccccc4c3)c12)NS(=O)(=O)c1cc(Cl)c(Cl)s1,0,O=C(COc1cccc2[nH]cc(Cc3ccc4ccccc4c3)c12)NS(=O)(=O)c1cc(Cl)c(Cl)s1,6498.0,0,0,0,0,0,0,0,0,0,0
290,O=C(COc1cccc2ncn(Cc3ccc(Cl)cc3Cl)c12)NS(=O)(=O)c1cc(Cl)c(Cl)s1,0,O=C(COc1cccc2ncn(Cc3ccc(Cl)cc3Cl)c12)NS(=O)(=O)c1cc(Cl)c(Cl)s1,10172.0,0,0,0,0,0,0,0,0,0,0
291,O=C(Cc1cccc2ccccc12)Nc1ccccc1C(=O)O,0,O=C(Cc1cccc2ccccc12)Nc1ccccc1C(=O)O,2600.0,0,0,0,0,0,0,0,0,0,0
292,O=C(NCC1CCC(C(=O)O)CC1)c1c(Cc2ccc(F)cc2)sc2c1CCOC2,0,O=C(NCC1CCC(C(=O)O)CC1)c1c(Cc2ccc(F)cc2)sc2c1CCOC2,30.3,0,0,0,1,1,1,1,1,1,1
293,O=C(NCC1CCC(C(=O)O)CC1)c1c(Cc2cccc(C(F)(F)F)c2)sc2c1CCOC2,0,O=C(NCC1CCC(C(=O)O)CC1)c1c(Cc2cccc(C(F)(F)F)c2)sc2c1CCOC2,36.6,0,0,0,1,1,1,1,1,1,1
294,O=C(NCc1ccc(C(=O)NS(=O)(=O)c2cccc(Cl)c2)cc1)c1cccc(OCc2nc3cc(F)ccc3s2)c1,0,O=C(NCc1ccc(C(=O)NS(=O)(=O)c2cccc(Cl)c2)cc1)c1cccc(OCc2nc3cc(F)ccc3s2)c1,302.0,0,0,0,0,0,0,0,0,0,0
295,O=C(O)CCCCCCN1C(=O)C(F)(F)C[C@@H]1/C=C/[C@@H](O)CCCCc1ccccc1,1,O=C(O)CCCCCCN1C(=O)C(F)(F)C[C@@H]1/C=C/[C@@H](O)CCCCc1ccccc1,4.9,1,1,1,1,1,1,1,1,1,1
296,O=C(O)CCCCCCN1C(=O)CCC1CCC(O)Cc1cccc(Cl)c1,0,O=C(O)CCCCCCN1C(=O)CCC1CCC(O)Cc1cccc(Cl)c1,22.0,0,0,1,1,1,1,1,1,1,1
297,O=C(O)CCCCCCN1C(=O)CC[C@@H]1CCC(O)Cc1cccc(Oc2ccccc2)c1,0,O=C(O)CCCCCCN1C(=O)CC[C@@H]1CCC(O)Cc1cccc(Oc2ccccc2)c1,536.0,0,0,0,0,0,0,0,0,0,0
298,O=C(O)CCCCCCN1C(=O)CC[C@@H]1CCC(O)Cc1ccccc1,0,O=C(O)CCCCCCN1C(=O)CC[C@@H]1CCC(O)Cc1ccccc1,54.0,0,0,0,0,0,1,1,1,1,1
299,O=C(O)CCCCCCN1C(=O)CC[C@@H]1CC[C@@H](O)CCc1ccccc1,0,O=C(O)CCCCCCN1C(=O)CC[C@@H]1CC[C@@H](O)CCc1ccccc1,2705.0,0,0,0,0,0,0,0,0,0,0
300,O=C(O)CCCCCCN1C(=O)CC[C@@H]1CC[C@@H](O)Cc1cccc(-c2ccccc2)c1,0,O=C(O)CCCCCCN1C(=O)CC[C@@H]1CC[C@@H](O)Cc1cccc(-c2ccccc2)c1,337.0,0,0,0,0,0,0,0,0,0,0
301,O=C(O)CCCCCCN1C(=O)CC[C@@H]1CC[C@@H](O)Cc1cccc(C(F)(F)F)c1,0,O=C(O)CCCCCCN1C(=O)CC[C@@H]1CC[C@@H](O)Cc1cccc(C(F)(F)F)c1,21.0,0,0,1,1,1,1,1,1,1,1
302,O=C(O)CCCCCCN1C(=O)CC[C@@H]1CC[C@@H](O)Cc1cccc(O)c1,0,O=C(O)CCCCCCN1C(=O)CC[C@@H]1CC[C@@H](O)Cc1cccc(O)c1,1202.0,0,0,0,0,0,0,0,0,0,0
303,O=C(O)CCCCCCN1C(=O)CC[C@@H]1CC[C@@H](O)Cc1cccc(OC(F)(F)F)c1,0,O=C(O)CCCCCCN1C(=O)CC[C@@H]1CC[C@@H](O)Cc1cccc(OC(F)(F)F)c1,59.0,0,0,0,0,0,1,1,1,1,1
304,O=C(O)CNc1cccc(CN(Cc2ccc(-n3cccn3)cc2)S(=O)(=O)c2cccnc2)n1,0,O=C(O)CNc1cccc(CN(Cc2ccc(-n3cccn3)cc2)S(=O)(=O)c2cccnc2)n1,5480.0,0,0,0,0,0,0,0,0,0,0
305,O=C(O)c1ccc(C2(NC(=O)C3CC(F)(F)CCN3Cc3ccc(C(F)(F)F)cc3)CC2)cc1,0,O=C(O)c1ccc(C2(NC(=O)C3CC(F)(F)CCN3Cc3ccc(C(F)(F)F)cc3)CC2)cc1,11.0,0,1,1,1,1,1,1,1,1,1
306,O=C(O)c1ccc(C2(NC(=O)C3CC(F)(F)CCN3Cc3cccc(C(F)(F)F)c3)CC2)cc1,0,O=C(O)c1ccc(C2(NC(=O)C3CC(F)(F)CCN3Cc3cccc(C(F)(F)F)c3)CC2)cc1,19.0,0,1,1,1,1,1,1,1,1,1
307,O=C(O)c1ccc(C2(NC(=O)C3CC4(CCN3Cc3ccc(C(F)(F)F)cc3)CC4)CC2)cc1,0,O=C(O)c1ccc(C2(NC(=O)C3CC4(CCN3Cc3ccc(C(F)(F)F)cc3)CC4)CC2)cc1,22.0,0,0,1,1,1,1,1,1,1,1
308,O=C(O)c1ccc(C2(NC(=O)C3CC4(CCN3Cc3cccc(C(F)(F)F)c3)CC4)CC2)cc1,1,O=C(O)c1ccc(C2(NC(=O)C3CC4(CCN3Cc3cccc(C(F)(F)F)c3)CC4)CC2)cc1,4.0,1,1,1,1,1,1,1,1,1,1
309,O=C(O)c1ccc(C2(NC(=O)C3CC4CC4CN3Cc3ccc(C(F)(F)F)cc3)CC2)cc1,0,O=C(O)c1ccc(C2(NC(=O)C3CC4CC4CN3Cc3ccc(C(F)(F)F)cc3)CC2)cc1,11.5,0,1,1,1,1,1,1,1,1,1
310,O=C(O)c1ccc(C2(NC(=O)[C@H]3CC(F)(F)CCN3Cc3ccc(C(F)(F)F)cc3)CC2)cc1,0,O=C(O)c1ccc(C2(NC(=O)[C@H]3CC(F)(F)CCN3Cc3ccc(C(F)(F)F)cc3)CC2)cc1,28.0,0,0,1,1,1,1,1,1,1,1
311,O=C(O)c1ccc(C2(NC(=O)[C@H]3CCC4CC4N3Cc3ccc(C(F)(F)F)cc3)CC2)cc1,0,O=C(O)c1ccc(C2(NC(=O)[C@H]3CCC4CC4N3Cc3ccc(C(F)(F)F)cc3)CC2)cc1,43.0,0,0,0,0,1,1,1,1,1,1
312,O=C(O)c1ccc(C2(NC(=O)[C@H]3C[C@H]4C[C@H]4N3Cc3ccc(C(F)(F)F)cc3)CC2)cc1,0,O=C(O)c1ccc(C2(NC(=O)[C@H]3C[C@H]4C[C@H]4N3Cc3ccc(C(F)(F)F)cc3)CC2)cc1,21.0,0,0,1,1,1,1,1,1,1,1
313,O=C(O)c1ccc(C2(NC(=O)[C@H]3C[C@H]4C[C@H]4N3Cc3cccc(C(F)(F)F)c3)CC2)cc1,0,O=C(O)c1ccc(C2(NC(=O)[C@H]3C[C@H]4C[C@H]4N3Cc3cccc(C(F)(F)F)c3)CC2)cc1,16.0,0,1,1,1,1,1,1,1,1,1
314,O=C(O)c1ccc(C2(NC(=O)c3c(Cc4ccc(F)cc4)sc4c3CCOC4)CC2)cc1,1,O=C(O)c1ccc(C2(NC(=O)c3c(Cc4ccc(F)cc4)sc4c3CCOC4)CC2)cc1,3.4,1,1,1,1,1,1,1,1,1,1
315,O=C(O)c1ccc(C2(NC(=O)c3c(Cc4cccc(C(F)(F)F)c4)sc4c3CCOC4)CC2)cc1,1,O=C(O)c1ccc(C2(NC(=O)c3c(Cc4cccc(C(F)(F)F)c4)sc4c3CCOC4)CC2)cc1,1.0,1,1,1,1,1,1,1,1,1,1
316,O=C(O)c1ccc(C2(NC(=O)c3cc(Cl)cc4ccn(Cc5ccc(C(F)(F)F)cc5)c34)CC2)cc1,1,O=C(O)c1ccc(C2(NC(=O)c3cc(Cl)cc4ccn(Cc5ccc(C(F)(F)F)cc5)c34)CC2)cc1,1.26,1,1,1,1,1,1,1,1,1,1
317,O=C(O)c1ccc(C2(NC(=O)c3cccc4c3Oc3cc(C(F)(F)F)ccc3CC4)CC2)cc1,0,O=C(O)c1ccc(C2(NC(=O)c3cccc4c3Oc3cc(C(F)(F)F)ccc3CC4)CC2)cc1,502.0,0,0,0,0,0,0,0,0,0,0
318,O=C(O)c1ccc(C2(NC(=O)c3cccc4c3Oc3ccc(C(F)(F)F)cc3CC4)CC2)cc1,0,O=C(O)c1ccc(C2(NC(=O)c3cccc4c3Oc3ccc(C(F)(F)F)cc3CC4)CC2)cc1,30.5,0,0,0,1,1,1,1,1,1,1
319,O=C(O)c1ccc(C2(NC(=O)c3cccc4ccn(Cc5ccc(C(F)(F)F)cc5)c34)CC2)cc1,1,O=C(O)c1ccc(C2(NC(=O)c3cccc4ccn(Cc5ccc(C(F)(F)F)cc5)c34)CC2)cc1,4.2,1,1,1,1,1,1,1,1,1,1
320,O=C(O)c1ccc(CCCN2C(=O)CCC2CCC(O)Cc2ccc(F)cc2)cc1,0,O=C(O)c1ccc(CCCN2C(=O)CCC2CCC(O)Cc2ccc(F)cc2)cc1,2767.0,0,0,0,0,0,0,0,0,0,0
321,O=C(O)c1ccc(CCCN2C(=O)CCC2CCC(O)Cc2cccc(-c3ccccc3)c2)cc1,0,O=C(O)c1ccc(CCCN2C(=O)CCC2CCC(O)Cc2cccc(-c3ccccc3)c2)cc1,47.0,0,0,0,0,1,1,1,1,1,1
322,O=C(O)c1ccc(CCCN2C(=O)CCC2CCC(O)Cc2cccc(Cl)c2)cc1,0,O=C(O)c1ccc(CCCN2C(=O)CCC2CCC(O)Cc2cccc(Cl)c2)cc1,42.0,0,0,0,0,1,1,1,1,1,1
323,O=C(O)c1ccc(CCCN2C(=O)CCC2CCC(O)Cc2cccc(F)c2)cc1,0,O=C(O)c1ccc(CCCN2C(=O)CCC2CCC(O)Cc2cccc(F)c2)cc1,126.0,0,0,0,0,0,0,0,0,0,0
324,O=C(O)c1ccc(CCCN2C(=O)CCC2CCC(O)Cc2cccc(Oc3ccccc3)c2)cc1,0,O=C(O)c1ccc(CCCN2C(=O)CCC2CCC(O)Cc2cccc(Oc3ccccc3)c2)cc1,220.0,0,0,0,0,0,0,0,0,0,0
325,O=C(O)c1ccc(CCCN2C(=O)CCC2CCC(O)Cc2ccccc2)cc1,0,O=C(O)c1ccc(CCCN2C(=O)CCC2CCC(O)Cc2ccccc2)cc1,250.0,0,0,0,0,0,0,0,0,0,0
326,O=C(O)c1ccc(CCCN2C(=O)CC[C@@H]2CCC(O)Cc2ccc(Cl)cc2)s1,0,O=C(O)c1ccc(CCCN2C(=O)CC[C@@H]2CCC(O)Cc2ccc(Cl)cc2)s1,80.0,0,0,0,0,0,0,0,1,1,1
327,O=C(O)c1ccc(CCCN2C(=O)CC[C@@H]2CCC(O)Cc2ccc3ccccc3c2)s1,0,O=C(O)c1ccc(CCCN2C(=O)CC[C@@H]2CCC(O)Cc2ccc3ccccc3c2)s1,65.0,0,0,0,0,0,0,1,1,1,1
328,O=C(O)c1ccc(CCCN2C(=O)CC[C@@H]2CCC(O)Cc2cccc(-c3ccccc3)c2)s1,0,O=C(O)c1ccc(CCCN2C(=O)CC[C@@H]2CCC(O)Cc2cccc(-c3ccccc3)c2)s1,50.0,0,0,0,0,1,1,1,1,1,1
329,O=C(O)c1ccc(CCCN2C(=O)CC[C@@H]2CCC(O)Cc2cccc(F)c2)s1,0,O=C(O)c1ccc(CCCN2C(=O)CC[C@@H]2CCC(O)Cc2cccc(F)c2)s1,17.0,0,1,1,1,1,1,1,1,1,1
330,O=C(O)c1ccc(CCCN2C(=O)CC[C@@H]2CCC(O)Cc2ccccc2)s1,0,O=C(O)c1ccc(CCCN2C(=O)CC[C@@H]2CCC(O)Cc2ccccc2)s1,21.0,0,0,1,1,1,1,1,1,1,1
331,O=C(O)c1ccc(CCCN2C(=O)CC[C@@H]2CCC(O)Cc2ccccc2-c2ccccc2)s1,0,O=C(O)c1ccc(CCCN2C(=O)CC[C@@H]2CCC(O)Cc2ccccc2-c2ccccc2)s1,1600.0,0,0,0,0,0,0,0,0,0,0
332,O=C(O)c1ccc(CCCN2C(=O)CC[C@@H]2CC[C@@H](O)Cc2ccc(F)cc2)s1,0,O=C(O)c1ccc(CCCN2C(=O)CC[C@@H]2CC[C@@H](O)Cc2ccc(F)cc2)s1,70.0,0,0,0,0,0,0,1,1,1,1
333,O=C(O)c1ccc(CCCN2C(=O)CC[C@@H]2CC[C@@H](O)Cc2cccc(C(F)(F)F)c2)cc1,0,O=C(O)c1ccc(CCCN2C(=O)CC[C@@H]2CC[C@@H](O)Cc2cccc(C(F)(F)F)c2)cc1,70.0,0,0,0,0,0,0,1,1,1,1
334,O=C(O)c1ccc(CCCN2C(=O)CC[C@@H]2CC[C@@H](O)Cc2cccc(C(F)(F)F)c2)s1,1,O=C(O)c1ccc(CCCN2C(=O)CC[C@@H]2CC[C@@H](O)Cc2cccc(C(F)(F)F)c2)s1,6.0,1,1,1,1,1,1,1,1,1,1
335,O=C(O)c1ccc(CCCN2C(=O)CC[C@@H]2CC[C@@H](O)Cc2cccc(Cl)c2)s1,1,O=C(O)c1ccc(CCCN2C(=O)CC[C@@H]2CC[C@@H](O)Cc2cccc(Cl)c2)s1,1.1,1,1,1,1,1,1,1,1,1,1
336,O=C(O)c1ccc(CNC(=O)c2c(Cc3ccc(F)cc3)sc3c2CCOC3)cc1,1,O=C(O)c1ccc(CNC(=O)c2c(Cc3ccc(F)cc3)sc3c2CCOC3)cc1,9.075,1,1,1,1,1,1,1,1,1,1
337,O=C(O)c1ccc(CNC(=O)c2c(Cc3cccc(C(F)(F)F)c3)sc3c2CCOC3)cc1,1,O=C(O)c1ccc(CNC(=O)c2c(Cc3cccc(C(F)(F)F)c3)sc3c2CCOC3)cc1,3.4,1,1,1,1,1,1,1,1,1,1
338,O=C(O)c1ccc(CNC(=O)c2c(Cl)sc(Cl)c2Cc2cccc(Cl)c2)cc1,1,O=C(O)c1ccc(CNC(=O)c2c(Cl)sc(Cl)c2Cc2cccc(Cl)c2)cc1,1.6,1,1,1,1,1,1,1,1,1,1
339,O=C(O)c1ccc(CNC(=O)c2cc(Cl)ccc2Oc2ccc(F)cc2)cc1,0,O=C(O)c1ccc(CNC(=O)c2cc(Cl)ccc2Oc2ccc(F)cc2)cc1,61.3,0,0,0,0,0,0,1,1,1,1
340,O=C(O)c1ccc(CNC(=O)c2cc(Cl)cnc2Oc2ccc(F)cc2)cc1,0,O=C(O)c1ccc(CNC(=O)c2cc(Cl)cnc2Oc2ccc(F)cc2)cc1,145.95,0,0,0,0,0,0,0,0,0,0
341,O=C(O)c1ccc(CNC(=O)c2cc(F)ccc2Oc2ccc(F)cc2)cc1,0,O=C(O)c1ccc(CNC(=O)c2cc(F)ccc2Oc2ccc(F)cc2)cc1,220.5,0,0,0,0,0,0,0,0,0,0
342,O=C(O)c1ccc(CNC(=O)c2cc(F)cnc2Oc2ccc(F)cc2)cc1,0,O=C(O)c1ccc(CNC(=O)c2cc(F)cnc2Oc2ccc(F)cc2)cc1,339.5,0,0,0,0,0,0,0,0,0,0
343,O=C(O)c1ccc(CNC(=O)c2cccc(OCc3nc4cc(F)ccc4s3)c2)cc1,0,O=C(O)c1ccc(CNC(=O)c2cccc(OCc3nc4cc(F)ccc4s3)c2)cc1,370.0,0,0,0,0,0,0,0,0,0,0
344,O=C(O)c1ccc2c(c1)C(=O)N(c1ccc3c(c1)oc1ccccc13)C2=O,0,O=C(O)c1ccc2c(c1)C(=O)N(c1ccc3c(c1)oc1ccccc13)C2=O,460.0,0,0,0,0,0,0,0,0,0,0
345,O=C(O)c1ccc2c(c1)nc(-c1ccc3c(c1)c1ccccc1n3CC1CC1)n2CC1CC1,0,O=C(O)c1ccc2c(c1)nc(-c1ccc3c(c1)c1ccccc1n3CC1CC1)n2CC1CC1,33.8,0,0,0,1,1,1,1,1,1,1
346,O=C(O)c1ccc2c(c1)nc(-c1ccc3c(c1)c1ccccc1n3CC1CCC1)n2CC1CC1,0,O=C(O)c1ccc2c(c1)nc(-c1ccc3c(c1)c1ccccc1n3CC1CCC1)n2CC1CC1,257.1,0,0,0,0,0,0,0,0,0,0
347,O=C([O-])c1ccc(C2(NC(=O)[C@H]3CCCCN3Cc3ccc(C(F)(F)F)cc3)CC2)cc1.[Li+],0,O=C([O-])c1ccc(C2(NC(=O)[C@H]3CCCCN3Cc3ccc(C(F)(F)F)cc3)CC2)cc1.[Li+],32.0,0,0,0,1,1,1,1,1,1,1
348,O=C1CC[C@H](/C=C/[C@@H](O)Cc2ccccc2)N1CCCCCCc1nnn[nH]1,1,O=C1CC[C@H](/C=C/[C@@H](O)Cc2ccccc2)N1CCCCCCc1nnn[nH]1,1.4,1,1,1,1,1,1,1,1,1,1
349,O=c1cc(CN2CCOc3c(Cl)cc(-c4csc5ccccc45)cc3C2)cc[nH]1,0,O=c1cc(CN2CCOc3c(Cl)cc(-c4csc5ccccc45)cc3C2)cc[nH]1,18000.0,0,0,0,0,0,0,0,0,0,0
350,O=c1cc(CN2CCOc3c(Cl)cc(-n4ccc5cc(F)ccc54)cc3C2)cc[nH]1,0,O=c1cc(CN2CCOc3c(Cl)cc(-n4ccc5cc(F)ccc54)cc3C2)cc[nH]1,30000.0,0,0,0,0,0,0,0,0,0,0
